GEO_NAME,% of owner households spending 30% or more of its income on shelter costs,% of owner households with a mortgage,% of tenant households in subsidized housing,% of tenant households spending 30% or more of its income on shelter costs,0 Management occupations,0 to 14 years,0 to 17 years,0 to 17 years (%),0 to 4 years,0 to 5 years,0 to 5 years (%),"1 Business, finance and administration occupations",1 household maintainer,10 to 14 years,100 years and over,15 to 19 years,15 to 24 years,15 to 64 years,18 to 64 years,18 to 64 years (%),2 Natural and applied sciences and related occupations,2 household maintainers,20 to 24 years,25 to 29 years,25 to 34 years,25 to 44 years,3 Health occupations,3 or more household maintainers,30 to 34 years,35 to 39 years,35 to 44 years,"4 Occupations in education, law and social, community and government services",40 to 44 years,45 to 49 years,45 to 54 years,45 years and over,"5 Occupations in art, culture, recreation and sport",5 to 14 years,5 to 9 years,50 to 54 years,55 to 59 years,55 to 64 years,6 Sales and service occupations,60 to 64 years,65 to 69 years,65 to 74 years,65 years and over,65 years and over (%),"7 Trades, transport and equipment operators and related occupations",70 to 74 years,75 to 79 years,75 to 84 years,"8 Natural resources, agriculture and related production occupations",80 to 84 years,85 to 89 years,85 years and over,9 Occupations in manufacturing and utilities,90 to 94 years,95 to 99 years,All industry categories,All occupations,Average after-tax income in 2015 for persons aged 15 years and over not in economic families ($),Average after-tax income of households in 2015 ($),Average after-tax income of one-person households in 2015 ($),Average after-tax income of two-or-more-person households in 2015 ($),Average age of the population,Average employment income in 2015 among recipients ($),Average employment income in 2015 for full-year full-time workers ($),Average household size,Average total income in 2015 for persons aged 15 years and over not in economic families ($),Average total income of households in 2015 ($),Average total income of one-person households in 2015 ($),Average total income of two-or-more-person households in 2015 ($),Composition of total income in 2015 of the population aged 15 years and over in private households (%) - 100% data,Employed,Employee,Employment income (%),Employment rate,In the bottom decile,In the eighth decile,In the fifth decile,In the fourth decile,In the labour force,In the ninth decile,In the second decile,In the seventh decile,In the sixth decile,In the third decile,In the top decile,Industry - NAICS2012 - not applicable,Median after-tax income in 2015 for persons aged 15 years and over not in economic families ($),Median after-tax income of households in 2015 ($),Median after-tax income of one-person households in 2015 ($),Median after-tax income of two-or-more-person households in 2015 ($),Median age of the population,Median employment income in 2015 among recipients ($),Median employment income in 2015 for full-year full-time workers ($),Median total income in 2015 for persons aged 15 years and over not in economic families ($),Median total income of households in 2015 ($),Median total income of one-person households in 2015 ($),Median total income of two-or-more-person households in 2015 ($),Multiple-census-family households,Non-census-family households,Not in the labour force,Number of after-tax income recipients aged 15 years and over in private households - 100% data,Number of after-tax income recipients aged 15 years and over in private households - 25% sample data,Number of employment income recipients aged 15 years and over in private households - 100% data,Number of employment income recipients aged 15 years and over in private households - 25% sample data,Number of employment income recipients aged 15 years and over in private households who worked full year full time in 2015 - 25% sample data,Number of government transfers recipients aged 15 years and over in private households - 100% data,Number of government transfers recipients aged 15 years and over in private households - 25% sample data,Number of market income recipients aged 15 years and over in private households - 100% data,Number of market income recipients aged 15 years and over in private households - 25% sample data,Number of persons in private households,Number of total income recipients aged 15 years and over in private households - 100% data,Number of total income recipients aged 15 years and over in private households - 25% sample data,Occupation - not applicable,One-census-family households,One-person households,Percentage with employment income,Population density per square kilometre,"Population percentage change, 2011 to 2016","Population, 2011","Population, 2016",Self-employed,"Total -  Owner and tenant households with household total income greater than zero, in non-farm, non-reserve private dwellings by shelter-cost-to-income ratio - 25% sample data",Total - Aboriginal ancestry for the population in private households - 25% sample data,Total - Aboriginal identity for the population in private households - 25% sample data,Total - Admission category and applicant type for the immigrant population in private households who landed between 1980 and 2016 - 25% sample data,Total - After-tax income groups in 2015 for the population aged 15 years and over in private households - 100% data,Total - Age at immigration for the immigrant population in private households - 25% sample data,Total - Age groups and average age of the population - 100% data,Total - Census families in private households by family size - 100% data,Total - Citizenship for the population in private households - 25% sample data,Total - Commuting destination for the employed labour force aged 15 years and over in private households with a usual place of work - 25% sample data,Total - Commuting duration for the employed labour force aged 15 years and over in private households with a usual place of work or no fixed workplace address - 25% sample data,Total - Couple census families in private households - 100% data,Total - Distribution (%) of the population by broad age groups - 100% data,Total - Economic family income decile group for the population in private households - 100% data,Total - Employment income groups in 2015 for the population aged 15 years and over in private households - 100% data,Total - Employment income statistics for the population aged 15 years and over in private households - 25% sample data,Total - Ethnic origin for the population in private households - 25% sample data,Total - First official language spoken for the total population excluding institutional residents - 100% data,Total - Generation status for the population in private households - 25% sample data,"Total - Highest certificate, diploma or degree for the population aged 15 years and over in private households - 25% sample data","Total - Highest certificate, diploma or degree for the population aged 25 to 64 years in private households - 25% sample data",Total - Household after-tax income groups in 2015 for private households - 100% data,Total - Household total income groups in 2015 for private households - 100% data,Total - Immigrant status and period of immigration for the population in private households - 25% sample data,Total - Income statistics in 2015 for couple economic families with children in private households - 100% data,Total - Income statistics in 2015 for couple economic families with children in private households - 25% sample data,Total - Income statistics in 2015 for couple economic families without children or other relatives in private households - 100% data,Total - Income statistics in 2015 for couple economic families without children or other relatives in private households - 25% sample data,Total - Income statistics in 2015 for economic families in private households - 100% data,Total - Income statistics in 2015 for economic families in private households - 25% sample data,Total - Income statistics in 2015 for lone-parent economic families in private households - 100% data,Total - Income statistics in 2015 for lone-parent economic families in private households - 25% sample data,Total - Income statistics in 2015 for one-person private households - 100% data,Total - Income statistics in 2015 for one-person private households - 25% sample data,Total - Income statistics in 2015 for persons aged 15 years and over not in economic families in private households - 100% data,Total - Income statistics in 2015 for persons aged 15 years and over not in economic families in private households - 25% sample data,Total - Income statistics in 2015 for private households by household size - 100% data,Total - Income statistics in 2015 for private households by household size - 25% sample data,Total - Income statistics in 2015 for the population aged 15 years and over in private households - 100% data,Total - Income statistics in 2015 for the population aged 15 years and over in private households - 25% sample data,Total - Income statistics in 2015 for two-or-more-person private households - 100% data,Total - Income statistics in 2015 for two-or-more-person private households - 25% sample data,Total - Knowledge of languages for the population in private households - 25% sample data,Total - Knowledge of official languages for the total population excluding institutional residents - 100% data,Total - Language spoken most often at home for the total population excluding institutional residents - 100% data,"Total - Language used most often at work for the population in private households aged 15 years and over who worked since January 1, 2015 - 25% sample data",Total - Location of study compared with province or territory of residence with countries outside Canada for the population aged 15 years and over in private households - 25% sample data,Total - Location of study compared with province or territory of residence with countries outside Canada for the population aged 25 to 64 years in private households - 25% sample data,Total - Lone-parent census families in private households - 100% data,Total - Low-income status in 2015 for the population in private households to whom low-income concepts are applicable - 100% data,Total - Main mode of commuting for the employed labour force aged 15 years and over in private households with a usual place of work or no fixed workplace address - 25% sample data,Total - Major field of study - Classification of Instructional Programs (CIP) 2016 for the population aged 15 years and over in private households - 25% sample data,Total - Major field of study - Classification of Instructional Programs (CIP) 2016 for the population aged 25 to 64 years in private households - 25% sample data,Total - Marital status for the population aged 15 years and over - 100% data,Total - Mobility status 5 years ago - 25% sample data,Total - Mother tongue for the total population excluding institutional residents - 100% data,Total - Other language(s) spoken regularly at home for the total population excluding institutional residents - 100% data,"Total - Other language(s) used regularly at work for the population in private households aged 15 years and over who worked since January 1, 2015 - 25% Sample Data","Total - Owner households in non-farm, non-reserve private dwellings - 25% sample data",Total - Persons not in census families in private households - 100% data,Total - Place of work status for the employed labour force aged 15 years and over in private households - 25% sample data,Total - Population aged 15 years and over by Labour force status - 25% sample data,Total - Population by Registered or Treaty Indian status for the population in private households - 25% sample data,Total - Private households by age of primary household maintainers - 25% sample data,Total - Private households by household size - 100% data,Total - Private households by household type - 100% data,Total - Private households by housing suitability - 25% sample data,Total - Private households by number of household maintainers - 25% sample data,Total - Private households by number of persons per room - 25% sample data,Total - Private households by tenure - 25% sample data,Total - Selected places of birth for the immigrant population in private households - 25% sample data,Total - Selected places of birth for the recent immigrant population in private households - 25% sample data,"Total - Tenant households in non-farm, non-reserve private dwellings - 25% sample data",Total - Time leaving for work for the employed labour force aged 15 years and over in private households with a usual place of work or no fixed workplace address - 25% sample data,Total - Total income groups in 2015 for the population aged 15 years and over in private households - 100% data,Total - Visible minority for the population in private households - 25% sample data,Total Labour Force population aged 15 years and over by Industry - North American Industry Classification System (NAICS) 2012 - 25% sample data,Total labour force aged 15 years and over by class of worker - 25% sample data,Total labour force population aged 15 years and over by occupation - National Occupational Classification (NOC) 2016 - 25% sample data,Total number of census families in private households - 100% data,Total population aged 15 years and over by work activity during the reference year - 25% sample data,Total visible minority population,Two-or-more person non-census-family households,Under 5 years,Unemployed,Unemployment rate,With employment income,Without employment income
Arctic Bay,0.0,42.9,86.1,0.0,20.0,330.0,0.0,,125.0,0.0,,25.0,150.0,90.0,0.0,65.0,0.0,505.0,0.0,,0.0,55.0,75.0,85.0,60.0,0.0,10.0,0.0,80.0,50.0,45.0,50.0,40.0,35.0,35.0,10.0,10.0,0.0,120.0,25.0,25.0,30.0,75.0,20.0,15.0,20.0,35.0,,75.0,15.0,0.0,0.0,10.0,5.0,0.0,5.0,10.0,0.0,0.0,270.0,270.0,56174.0,80895.0,57521.0,87965.0,25.2,37046.0,73170.0,4.0,68541.0,92538.0,70936.0,99073.0,100.0,225.0,265.0,76.7,42.1,180.0,45.0,75.0,50.0,280.0,80.0,160.0,85.0,90.0,65.0,45.0,15.0,40363.0,65792.0,40235.0,72960.0,22.3,14592.0,69888.0,45227.0,72576.0,45099.0,78336.0,35.0,55.0,255.0,510.0,510.0,405.0,405.0,135.0,495.0,495.0,430.0,430.0,865.0,510.0,510.0,10.0,120.0,50.0,75.9,3.5,5.5,823,868,0.0,210.0,865.0,865.0,0.0,535.0,10.0,870.0,195.0,865.0,210.0,220.0,130.0,100.0,865.0,540.0,540.0,870.0,870.0,865.0,540.0,360.0,210.0,210.0,870.0,115.0,115.0,0.0,0.0,160.0,155.0,35.0,40.0,45.0,50.0,55.0,60.0,215.0,210.0,535.0,535.0,165.0,160.0,865.0,870.0,870.0,330.0,535.0,365.0,65.0,0.0,215.0,540.0,360.0,535.0,740.0,870.0,870.0,325.0,30.0,100.0,220.0,535.0,865.0,215.0,210.0,215.0,210.0,210.0,210.0,210.0,0.0,0.0,180.0,215.0,540.0,865.0,280.0,280.0,280.0,195.0,540.0,10.0,5.0,0.0,60.0,21.4,410.0,130.0
Arviat,0.0,40.0,68.8,3.1,35.0,960.0,0.0,,345.0,0.0,,115.0,440.0,275.0,0.0,285.0,0.0,1605.0,0.0,,15.0,150.0,250.0,220.0,145.0,10.0,25.0,15.0,185.0,150.0,170.0,210.0,155.0,145.0,135.0,0.0,25.0,10.0,340.0,100.0,70.0,75.0,245.0,55.0,45.0,40.0,90.0,,180.0,25.0,10.0,10.0,10.0,10.0,0.0,0.0,0.0,0.0,0.0,865.0,865.0,47982.0,88177.0,49234.0,95307.0,25.3,43387.0,78849.0,4.4,58644.0,101452.0,59728.0,109091.0,100.0,695.0,850.0,77.5,41.1,540.0,175.0,235.0,265.0,1060.0,165.0,350.0,185.0,160.0,305.0,270.0,195.0,29376.0,71040.0,32576.0,76800.0,21.7,22656.0,82859.0,31296.0,76160.0,35712.0,81280.0,90.0,115.0,635.0,1515.0,1515.0,1090.0,1095.0,430.0,1505.0,1505.0,1150.0,1150.0,2650.0,1520.0,1520.0,200.0,400.0,90.0,64.3,20.1,14.6,2318,2657,10.0,595.0,2650.0,2650.0,20.0,1695.0,20.0,2660.0,595.0,2650.0,615.0,685.0,420.0,100.0,2650.0,1695.0,1690.0,2650.0,2655.0,2650.0,1695.0,1070.0,605.0,605.0,2650.0,345.0,340.0,30.0,30.0,500.0,505.0,105.0,105.0,90.0,95.0,115.0,115.0,600.0,600.0,1695.0,1690.0,510.0,505.0,2650.0,2655.0,2660.0,1000.0,1690.0,1070.0,175.0,0.0,685.0,1695.0,1075.0,1700.0,2305.0,2655.0,2655.0,1005.0,125.0,250.0,690.0,1690.0,2650.0,600.0,600.0,600.0,600.0,600.0,600.0,600.0,20.0,0.0,475.0,685.0,1690.0,2650.0,1060.0,1060.0,1060.0,595.0,1690.0,25.0,20.0,10.0,370.0,34.9,1090.0,600.0
"Baffin, Unorganized",,0.0,0.0,,0.0,20.0,,,5.0,,,0.0,10.0,5.0,0.0,10.0,0.0,45.0,,,0.0,10.0,5.0,5.0,0.0,0.0,0.0,0.0,0.0,10.0,10.0,0.0,0.0,5.0,0.0,0.0,0.0,0.0,5.0,5.0,0.0,0.0,10.0,5.0,0.0,0.0,0.0,,0.0,0.0,0.0,0.0,0.0,0.0,0.0,0.0,0.0,0.0,0.0,15.0,20.0,,,,,26.9,,,4.3,,,,,,20.0,15.0,,50.0,,,,,20.0,,,,,,,10.0,,,,,21.5,,,,,,,5.0,0.0,20.0,,,,,,,,,,60.0,,,0.0,15.0,0.0,,0.0,1140.0,5,62,0.0,,60.0,60.0,0.0,,0.0,65.0,10.0,65.0,20.0,15.0,10.0,100.0,,,,60.0,65.0,60.0,45.0,25.0,,,60.0,,,,,,,,,,,,,,,40.0,40.0,,,60.0,60.0,65.0,25.0,40.0,25.0,5.0,,15.0,40.0,25.0,40.0,60.0,60.0,60.0,20.0,0.0,5.0,15.0,40.0,60.0,10.0,15.0,15.0,15.0,15.0,15.0,15.0,0.0,0.0,0.0,15.0,,65.0,20.0,20.0,20.0,15.0,40.0,0.0,0.0,0.0,10.0,50.0,,
Baker Lake,0.0,47.6,91.6,4.2,60.0,650.0,0.0,,230.0,0.0,,85.0,430.0,185.0,0.0,185.0,0.0,1320.0,0.0,,15.0,135.0,205.0,200.0,135.0,10.0,20.0,15.0,120.0,115.0,140.0,160.0,110.0,130.0,145.0,10.0,20.0,10.0,235.0,120.0,85.0,80.0,245.0,45.0,40.0,40.0,100.0,,215.0,25.0,20.0,15.0,25.0,10.0,0.0,5.0,10.0,0.0,0.0,845.0,850.0,52875.0,85347.0,54570.0,94238.0,28.2,46273.0,76847.0,3.5,64593.0,99399.0,66950.0,108773.0,100.0,695.0,840.0,83.7,49.6,390.0,150.0,155.0,180.0,945.0,175.0,260.0,170.0,115.0,215.0,235.0,100.0,40576.0,73216.0,39552.0,82432.0,24.8,26560.0,79462.0,42688.0,80213.0,42240.0,92928.0,60.0,150.0,460.0,1300.0,1300.0,1040.0,1045.0,455.0,1285.0,1285.0,1075.0,1070.0,2055.0,1300.0,1300.0,100.0,365.0,130.0,74.3,11.4,10.5,1872,2069,10.0,580.0,2050.0,2050.0,15.0,1405.0,20.0,2070.0,500.0,2050.0,625.0,690.0,340.0,100.0,2055.0,1400.0,1400.0,2055.0,2065.0,2055.0,1400.0,920.0,580.0,580.0,2050.0,265.0,260.0,45.0,40.0,445.0,445.0,115.0,115.0,130.0,130.0,145.0,145.0,580.0,580.0,1405.0,1405.0,450.0,450.0,2050.0,2065.0,2065.0,960.0,1405.0,920.0,160.0,0.0,685.0,1405.0,920.0,1415.0,1820.0,2060.0,2065.0,960.0,105.0,275.0,695.0,1400.0,2050.0,580.0,580.0,580.0,580.0,580.0,580.0,580.0,25.0,10.0,475.0,685.0,1400.0,2050.0,945.0,945.0,945.0,500.0,1400.0,15.0,20.0,0.0,250.0,26.5,1040.0,360.0
Bathurst Inlet,,,,,,,,,,,,,,,,,,,,,,,,,,,,,,,,,,,,,,,,,,,,,,,,,,,,,,,,,,,,,,,,,,,,,,,,,,,,,,,,,,,,,,,,,,,,,,,,,,,,,,,,,,,,,,,,,,,,,,,,,0.0,,0,0,,,,,,,,,,,,,,,,,,,,,,,,,,,,,,,,,,,,,,,,,,,,,,,,,,,,,,,,,,,,,,,,,,,,,,,,,,,,,,,,,,,,,,,,,
Cambridge Bay,0.0,57.1,86.6,3.7,100.0,475.0,0.0,,160.0,0.0,,150.0,350.0,160.0,0.0,135.0,10.0,1205.0,0.0,,30.0,170.0,165.0,135.0,105.0,20.0,20.0,20.0,135.0,110.0,110.0,195.0,95.0,120.0,140.0,0.0,15.0,10.0,155.0,115.0,105.0,120.0,170.0,90.0,35.0,30.0,85.0,,165.0,20.0,20.0,15.0,25.0,5.0,10.0,10.0,20.0,0.0,0.0,895.0,890.0,63789.0,102896.0,66615.0,111925.0,31.2,52647.0,90423.0,3.2,77103.0,122088.0,80701.0,132388.0,100.0,780.0,865.0,87.4,61.7,210.0,120.0,170.0,115.0,930.0,170.0,175.0,115.0,105.0,155.0,405.0,40.0,57728.0,86528.0,67584.0,91136.0,28.4,29376.0,90795.0,68864.0,96209.0,82688.0,102656.0,60.0,125.0,335.0,1220.0,1225.0,1100.0,1100.0,460.0,1190.0,1190.0,1135.0,1130.0,1740.0,1225.0,1220.0,40.0,360.0,110.0,87.0,8.7,9.8,1608,1766,30.0,540.0,1740.0,1740.0,30.0,1270.0,50.0,1765.0,480.0,1735.0,675.0,755.0,320.0,100.0,1735.0,1270.0,1265.0,1740.0,1765.0,1740.0,1265.0,880.0,540.0,545.0,1735.0,220.0,220.0,70.0,70.0,430.0,430.0,110.0,115.0,110.0,105.0,130.0,130.0,540.0,545.0,1270.0,1265.0,435.0,435.0,1735.0,1765.0,1765.0,1010.0,1270.0,885.0,155.0,0.0,755.0,1270.0,880.0,1290.0,1580.0,1765.0,1765.0,1015.0,135.0,215.0,780.0,1265.0,1740.0,545.0,540.0,545.0,540.0,545.0,545.0,540.0,50.0,10.0,410.0,755.0,1270.0,1735.0,930.0,935.0,935.0,480.0,1270.0,45.0,20.0,10.0,160.0,17.2,1105.0,165.0
Cape Dorset,0.0,37.5,84.8,0.0,25.0,515.0,0.0,,190.0,0.0,,70.0,280.0,135.0,0.0,130.0,10.0,865.0,0.0,,10.0,75.0,115.0,115.0,85.0,10.0,10.0,10.0,110.0,85.0,85.0,75.0,75.0,75.0,95.0,0.0,50.0,0.0,185.0,70.0,55.0,60.0,110.0,35.0,30.0,30.0,55.0,,110.0,15.0,15.0,10.0,10.0,5.0,0.0,0.0,10.0,0.0,0.0,480.0,480.0,50370.0,72817.0,46432.0,79503.0,26.6,36820.0,77936.0,3.9,60494.0,81995.0,55482.0,88714.0,100.0,405.0,440.0,74.2,44.0,400.0,55.0,135.0,100.0,550.0,70.0,185.0,55.0,100.0,240.0,105.0,70.0,23616.0,61824.0,21056.0,65024.0,23.3,15189.0,83072.0,24640.0,65792.0,21376.0,68352.0,60.0,90.0,375.0,845.0,845.0,605.0,605.0,190.0,825.0,830.0,655.0,660.0,1440.0,845.0,845.0,70.0,215.0,70.0,65.8,147.9,5.7,1363,1441,40.0,365.0,1440.0,1440.0,10.0,920.0,10.0,1440.0,340.0,1440.0,335.0,350.0,205.0,100.0,1440.0,920.0,925.0,1445.0,1440.0,1440.0,925.0,620.0,370.0,365.0,1440.0,165.0,165.0,20.0,20.0,285.0,285.0,80.0,80.0,75.0,75.0,100.0,105.0,370.0,365.0,925.0,925.0,290.0,290.0,1440.0,1440.0,1440.0,555.0,925.0,620.0,135.0,0.0,350.0,925.0,620.0,920.0,1245.0,1445.0,1445.0,555.0,35.0,190.0,405.0,920.0,1445.0,365.0,365.0,370.0,370.0,365.0,365.0,370.0,10.0,0.0,330.0,350.0,925.0,1440.0,550.0,545.0,550.0,340.0,920.0,10.0,15.0,0.0,150.0,27.3,605.0,315.0
Chesterfield Inlet,0.0,0.0,85.0,0.0,20.0,145.0,0.0,,55.0,0.0,,20.0,80.0,50.0,0.0,45.0,0.0,270.0,0.0,,10.0,35.0,35.0,40.0,35.0,0.0,15.0,0.0,30.0,30.0,25.0,45.0,20.0,25.0,20.0,0.0,0.0,0.0,45.0,15.0,15.0,15.0,45.0,10.0,5.0,10.0,20.0,,35.0,10.0,0.0,10.0,0.0,0.0,0.0,0.0,10.0,0.0,0.0,195.0,195.0,45926.0,91774.0,44532.0,100750.0,27.1,42880.0,79688.0,3.5,52332.0,105850.0,50601.0,116347.0,100.0,175.0,195.0,83.7,61.4,25.0,20.0,45.0,30.0,200.0,60.0,55.0,25.0,15.0,75.0,70.0,10.0,37888.0,76032.0,0.0,81152.0,24.2,21568.0,85504.0,39680.0,81152.0,0.0,88832.0,10.0,25.0,75.0,270.0,275.0,245.0,245.0,85.0,270.0,265.0,250.0,255.0,415.0,275.0,270.0,10.0,85.0,20.0,89.3,3.1,39.6,313,437,0.0,120.0,415.0,415.0,0.0,280.0,0.0,440.0,105.0,415.0,165.0,175.0,80.0,100.0,415.0,280.0,280.0,415.0,425.0,415.0,280.0,180.0,120.0,120.0,415.0,60.0,65.0,5.0,0.0,95.0,95.0,20.0,20.0,20.0,15.0,30.0,25.0,120.0,115.0,285.0,280.0,100.0,100.0,415.0,425.0,425.0,230.0,280.0,185.0,30.0,0.0,175.0,285.0,180.0,290.0,360.0,425.0,425.0,225.0,25.0,45.0,175.0,285.0,415.0,120.0,115.0,120.0,120.0,120.0,115.0,120.0,0.0,0.0,95.0,170.0,280.0,415.0,205.0,205.0,205.0,105.0,280.0,10.0,10.0,0.0,30.0,15.0,250.0,30.0
Clyde River,0.0,0.0,90.7,0.0,20.0,370.0,0.0,,130.0,0.0,,30.0,175.0,100.0,0.0,115.0,0.0,650.0,0.0,,10.0,75.0,100.0,85.0,65.0,0.0,0.0,10.0,70.0,70.0,70.0,90.0,65.0,45.0,50.0,0.0,15.0,0.0,140.0,40.0,30.0,30.0,100.0,25.0,20.0,15.0,35.0,,55.0,10.0,0.0,0.0,10.0,0.0,0.0,5.0,0.0,0.0,0.0,330.0,330.0,33514.0,75471.0,49346.0,78258.0,25.6,31139.0,71921.0,4.2,38759.0,84457.0,57988.0,87281.0,100.0,245.0,325.0,76.0,35.8,190.0,45.0,130.0,95.0,410.0,80.0,190.0,35.0,105.0,135.0,40.0,80.0,17472.0,65664.0,30080.0,67456.0,22.0,12144.0,76672.0,17472.0,68736.0,31616.0,70016.0,45.0,30.0,270.0,640.0,635.0,505.0,505.0,150.0,620.0,615.0,530.0,530.0,1050.0,635.0,640.0,80.0,175.0,20.0,74.3,9.9,12.7,934,1053,0.0,250.0,1055.0,1055.0,10.0,680.0,0.0,1050.0,270.0,1055.0,215.0,240.0,200.0,100.0,1050.0,680.0,685.0,1050.0,1050.0,1050.0,680.0,430.0,250.0,250.0,1050.0,160.0,160.0,20.0,20.0,220.0,220.0,40.0,40.0,25.0,25.0,40.0,40.0,250.0,245.0,680.0,685.0,225.0,225.0,1055.0,1055.0,1055.0,395.0,680.0,430.0,65.0,0.0,235.0,680.0,430.0,685.0,925.0,1055.0,1050.0,395.0,35.0,85.0,250.0,685.0,1050.0,250.0,245.0,250.0,250.0,250.0,250.0,245.0,0.0,0.0,210.0,240.0,685.0,1055.0,415.0,410.0,410.0,270.0,680.0,0.0,10.0,0.0,165.0,40.2,505.0,180.0
Coral Harbour,0.0,33.3,82.9,0.0,20.0,340.0,0.0,,125.0,0.0,,30.0,165.0,105.0,0.0,95.0,0.0,515.0,0.0,,10.0,60.0,70.0,95.0,60.0,10.0,0.0,10.0,50.0,55.0,50.0,65.0,35.0,50.0,50.0,0.0,15.0,0.0,115.0,35.0,15.0,25.0,90.0,20.0,15.0,15.0,40.0,,60.0,10.0,0.0,10.0,10.0,5.0,0.0,5.0,0.0,0.0,0.0,300.0,300.0,49784.0,71927.0,47195.0,75369.0,25.0,32546.0,76785.0,4.0,58382.0,80919.0,55819.0,84413.0,100.0,230.0,275.0,78.0,41.8,220.0,60.0,55.0,75.0,340.0,30.0,165.0,70.0,70.0,90.0,50.0,40.0,42411.0,57216.0,42368.0,58240.0,20.8,12640.0,79360.0,46336.0,59008.0,46208.0,59392.0,20.0,40.0,210.0,515.0,515.0,425.0,425.0,95.0,495.0,490.0,435.0,430.0,890.0,515.0,515.0,35.0,165.0,25.0,77.3,6.5,6.8,834,891,25.0,220.0,890.0,890.0,0.0,550.0,0.0,890.0,210.0,890.0,205.0,225.0,150.0,100.0,895.0,550.0,550.0,895.0,890.0,890.0,550.0,350.0,220.0,225.0,890.0,130.0,135.0,15.0,10.0,190.0,190.0,40.0,45.0,25.0,30.0,40.0,40.0,220.0,225.0,550.0,550.0,190.0,195.0,890.0,890.0,890.0,365.0,550.0,355.0,60.0,0.0,220.0,550.0,355.0,550.0,765.0,895.0,890.0,365.0,45.0,70.0,225.0,550.0,890.0,220.0,220.0,220.0,225.0,220.0,220.0,220.0,10.0,0.0,175.0,220.0,550.0,895.0,340.0,340.0,340.0,210.0,550.0,10.0,5.0,0.0,110.0,32.4,425.0,125.0
Gjoa Haven,0.0,42.9,90.0,0.0,20.0,485.0,0.0,,180.0,0.0,,45.0,190.0,135.0,0.0,115.0,0.0,790.0,0.0,,0.0,85.0,130.0,100.0,70.0,0.0,25.0,10.0,95.0,75.0,70.0,95.0,75.0,80.0,85.0,0.0,15.0,0.0,165.0,50.0,55.0,35.0,125.0,20.0,15.0,10.0,50.0,,95.0,15.0,10.0,10.0,10.0,5.0,0.0,0.0,10.0,0.0,0.0,430.0,430.0,61086.0,83666.0,70471.0,85167.0,26.2,35530.0,75824.0,4.6,75390.0,94265.0,87985.0,94979.0,100.0,340.0,420.0,72.2,41.0,140.0,95.0,135.0,120.0,530.0,75.0,305.0,60.0,120.0,195.0,75.0,95.0,46720.0,68437.0,66816.0,68523.0,22.7,15552.0,75776.0,46720.0,71509.0,87296.0,71253.0,70.0,40.0,300.0,750.0,755.0,550.0,550.0,155.0,755.0,750.0,575.0,575.0,1310.0,755.0,755.0,95.0,175.0,30.0,66.3,46.5,3.5,1279,1324,15.0,285.0,1310.0,1315.0,10.0,825.0,10.0,1325.0,325.0,1310.0,280.0,325.0,210.0,100.0,1310.0,830.0,830.0,1310.0,1310.0,1310.0,830.0,545.0,285.0,285.0,1315.0,165.0,165.0,15.0,15.0,250.0,250.0,60.0,60.0,30.0,30.0,35.0,35.0,280.0,285.0,830.0,830.0,255.0,255.0,1310.0,1315.0,1310.0,485.0,825.0,545.0,115.0,0.0,320.0,825.0,545.0,840.0,1135.0,1315.0,1315.0,490.0,35.0,105.0,340.0,830.0,1310.0,285.0,285.0,285.0,285.0,285.0,285.0,285.0,10.0,10.0,250.0,325.0,830.0,1315.0,530.0,530.0,525.0,330.0,830.0,0.0,10.0,0.0,190.0,35.8,550.0,280.0
Grise Fiord,,0.0,112.5,,10.0,25.0,,,10.0,,,10.0,35.0,10.0,0.0,20.0,0.0,95.0,,,0.0,15.0,10.0,15.0,15.0,0.0,0.0,0.0,5.0,10.0,10.0,20.0,10.0,0.0,10.0,0.0,0.0,0.0,10.0,10.0,10.0,15.0,25.0,5.0,0.0,0.0,5.0,,15.0,0.0,5.0,10.0,0.0,0.0,0.0,0.0,0.0,0.0,0.0,75.0,75.0,,,,,30.9,,,2.6,,,,,,70.0,75.0,,70.0,,,,,75.0,,,,,,,10.0,,52864.0,,,26.4,,,,55424.0,,,0.0,20.0,20.0,,,,,,,,,,125.0,,,0.0,30.0,20.0,,0.4,-0.8,130,129,0.0,,130.0,125.0,0.0,,0.0,130.0,35.0,130.0,70.0,65.0,20.0,100.0,,,,125.0,130.0,130.0,100.0,60.0,,,130.0,,,,,,,,,,,,,55.0,,100.0,100.0,,,125.0,130.0,125.0,85.0,100.0,65.0,10.0,,70.0,100.0,65.0,100.0,120.0,130.0,125.0,85.0,10.0,25.0,70.0,100.0,130.0,55.0,55.0,50.0,55.0,50.0,50.0,50.0,0.0,0.0,40.0,65.0,,130.0,75.0,75.0,80.0,30.0,100.0,0.0,5.0,0.0,10.0,13.3,,
Hall Beach,0.0,28.6,85.7,0.0,20.0,340.0,0.0,,145.0,0.0,,20.0,115.0,80.0,0.0,85.0,0.0,485.0,0.0,,10.0,55.0,70.0,70.0,50.0,0.0,0.0,0.0,65.0,50.0,50.0,70.0,40.0,40.0,25.0,0.0,10.0,0.0,115.0,25.0,20.0,20.0,90.0,20.0,15.0,10.0,20.0,,45.0,0.0,5.0,0.0,10.0,0.0,0.0,0.0,10.0,0.0,0.0,265.0,265.0,43952.0,83319.0,45016.0,87197.0,23.9,33345.0,61907.0,4.8,48990.0,92971.0,51318.0,97189.0,100.0,225.0,265.0,73.2,44.1,155.0,35.0,60.0,130.0,305.0,45.0,105.0,80.0,50.0,150.0,35.0,35.0,35328.0,73728.0,0.0,78848.0,20.3,17344.0,53248.0,40960.0,78336.0,0.0,84992.0,45.0,20.0,210.0,465.0,465.0,355.0,360.0,120.0,455.0,450.0,375.0,375.0,845.0,465.0,465.0,35.0,110.0,15.0,70.6,50.4,15.2,736,848,0.0,170.0,850.0,850.0,0.0,510.0,0.0,845.0,205.0,845.0,215.0,225.0,130.0,100.0,845.0,510.0,515.0,850.0,845.0,850.0,510.0,330.0,175.0,175.0,850.0,110.0,110.0,0.0,0.0,155.0,150.0,30.0,30.0,15.0,15.0,35.0,35.0,170.0,175.0,510.0,510.0,160.0,160.0,850.0,850.0,850.0,335.0,510.0,335.0,75.0,0.0,225.0,510.0,335.0,510.0,700.0,850.0,845.0,335.0,30.0,85.0,225.0,510.0,850.0,170.0,175.0,175.0,175.0,175.0,170.0,175.0,0.0,10.0,140.0,225.0,515.0,845.0,300.0,300.0,300.0,200.0,510.0,10.0,5.0,0.0,80.0,26.2,360.0,155.0
Igloolik,0.0,36.4,85.9,4.8,25.0,660.0,0.0,,225.0,0.0,,70.0,280.0,195.0,0.0,165.0,0.0,970.0,0.0,,10.0,80.0,135.0,140.0,105.0,10.0,20.0,10.0,130.0,115.0,100.0,110.0,80.0,75.0,85.0,0.0,40.0,0.0,235.0,70.0,40.0,35.0,160.0,25.0,20.0,25.0,55.0,,85.0,15.0,10.0,10.0,10.0,10.0,0.0,5.0,0.0,0.0,0.0,535.0,535.0,62403.0,83585.0,68044.0,86241.0,24.5,36182.0,69144.0,4.5,75674.0,94428.0,83778.0,96248.0,100.0,450.0,525.0,75.3,44.6,285.0,150.0,155.0,175.0,585.0,75.0,320.0,130.0,125.0,165.0,95.0,50.0,48064.0,73088.0,58880.0,74752.0,20.5,17888.0,64512.0,53184.0,79104.0,72448.0,80128.0,70.0,70.0,425.0,915.0,920.0,725.0,725.0,225.0,900.0,895.0,760.0,760.0,1670.0,920.0,920.0,50.0,230.0,55.0,71.4,16.3,15.7,1454,1682,15.0,370.0,1670.0,1670.0,15.0,1015.0,20.0,1685.0,380.0,1670.0,395.0,435.0,250.0,100.0,1675.0,1015.0,1010.0,1675.0,1670.0,1675.0,1010.0,665.0,370.0,370.0,1670.0,195.0,190.0,20.0,20.0,310.0,310.0,75.0,75.0,55.0,55.0,80.0,75.0,370.0,370.0,1015.0,1015.0,320.0,315.0,1670.0,1675.0,1670.0,650.0,1010.0,665.0,130.0,0.0,435.0,1015.0,665.0,1020.0,1445.0,1670.0,1670.0,645.0,55.0,175.0,450.0,1010.0,1675.0,370.0,370.0,370.0,370.0,370.0,370.0,370.0,15.0,0.0,320.0,440.0,1010.0,1670.0,590.0,585.0,585.0,385.0,1015.0,20.0,15.0,0.0,140.0,23.9,725.0,290.0
Iqaluit,9.3,82.2,77.0,10.2,635.0,1925.0,0.0,,705.0,0.0,,915.0,1880.0,550.0,0.0,475.0,100.0,5580.0,0.0,,235.0,795.0,575.0,715.0,735.0,260.0,195.0,70.0,810.0,705.0,675.0,935.0,560.0,540.0,645.0,30.0,185.0,95.0,670.0,530.0,405.0,425.0,795.0,260.0,140.0,120.0,235.0,,510.0,50.0,30.0,25.0,35.0,15.0,5.0,10.0,40.0,5.0,0.0,4490.0,4485.0,68001.0,126534.0,78930.0,143142.0,31.1,76081.0,101059.0,2.8,82519.0,152611.0,96754.0,172098.0,100.0,4195.0,4320.0,89.9,73.9,545.0,645.0,375.0,310.0,4640.0,1165.0,270.0,495.0,400.0,425.0,2960.0,145.0,68403.0,114739.0,83157.0,138112.0,31.1,73632.0,101933.0,80128.0,136119.0,99797.0,164133.0,105.0,900.0,1035.0,5480.0,5480.0,4960.0,4965.0,2880.0,5310.0,5305.0,5085.0,5085.0,7590.0,5480.0,5480.0,150.0,1740.0,710.0,87.5,147.4,15.5,6699,7740,165.0,2745.0,7585.0,7590.0,470.0,5670.0,555.0,7740.0,1955.0,7585.0,3790.0,4050.0,1500.0,100.0,7590.0,5670.0,5675.0,7590.0,7600.0,7590.0,5675.0,4420.0,2750.0,2750.0,7590.0,955.0,955.0,485.0,485.0,1895.0,1895.0,380.0,375.0,710.0,715.0,1170.0,1165.0,2750.0,2750.0,5670.0,5675.0,2035.0,2040.0,7590.0,7600.0,7600.0,4830.0,5670.0,4420.0,455.0,0.0,4055.0,5675.0,4415.0,5815.0,6890.0,7595.0,7600.0,4830.0,645.0,1500.0,4195.0,5675.0,7585.0,2750.0,2745.0,2750.0,2750.0,2745.0,2750.0,2750.0,555.0,105.0,2110.0,4055.0,5675.0,7590.0,4635.0,4635.0,4635.0,1955.0,5675.0,585.0,195.0,70.0,445.0,9.6,4960.0,710.0
"Keewatin, Unorganized",,,,,,,,,,,,,,,,,,,,,,,,,,,,,,,,,,,,,,,,,,,,,,,,,,,,,,,,,,,,,,,,,,,,,,,,,,,,,,,,,,,,,,,,,,,,,,,,,,,,,,,,,,,,,,,,,,,,,,,,,0.0,,0,0,,,,,,,,,,,,,,,,,,,,,,,,,,,,,,,,,,,,,,,,,,,,,,,,,,,,,,,,,,,,,,,,,,,,,,,,,,,,,,,,,,,,,,,,,
Kimmirut,0.0,0.0,94.7,0.0,10.0,130.0,0.0,,45.0,0.0,,15.0,85.0,40.0,0.0,40.0,0.0,240.0,0.0,,0.0,30.0,30.0,25.0,25.0,0.0,0.0,0.0,20.0,20.0,25.0,40.0,20.0,25.0,30.0,0.0,10.0,0.0,45.0,20.0,15.0,15.0,35.0,10.0,5.0,10.0,20.0,,25.0,5.0,5.0,10.0,0.0,5.0,0.0,0.0,10.0,0.0,0.0,145.0,145.0,51311.0,70608.0,52051.0,75556.0,28.3,37703.0,69964.0,3.3,61238.0,79632.0,62278.0,84259.0,100.0,120.0,140.0,79.6,47.1,75.0,25.0,35.0,35.0,155.0,20.0,45.0,30.0,15.0,90.0,15.0,10.0,34304.0,60288.0,33664.0,65152.0,23.9,23040.0,63232.0,34304.0,63744.0,33664.0,68352.0,10.0,30.0,100.0,230.0,230.0,190.0,190.0,55.0,230.0,230.0,190.0,195.0,385.0,230.0,230.0,10.0,75.0,20.0,74.5,171.7,-14.5,455,389,10.0,110.0,385.0,385.0,0.0,255.0,0.0,390.0,95.0,385.0,105.0,105.0,65.0,100.0,385.0,255.0,255.0,385.0,385.0,385.0,255.0,165.0,115.0,115.0,385.0,50.0,50.0,10.0,10.0,90.0,90.0,20.0,20.0,20.0,25.0,30.0,30.0,110.0,115.0,255.0,255.0,90.0,90.0,385.0,390.0,385.0,175.0,255.0,165.0,30.0,0.0,105.0,255.0,165.0,260.0,340.0,385.0,385.0,175.0,20.0,55.0,115.0,255.0,385.0,115.0,115.0,115.0,115.0,115.0,115.0,115.0,0.0,0.0,95.0,105.0,255.0,385.0,155.0,155.0,150.0,95.0,255.0,0.0,10.0,0.0,40.0,25.8,190.0,65.0
"Kitikmeot, Unorganized",,,,,,,,,,,,,,,,,,,,,,,,,,,,,,,,,,,,,,,,,,,,,,,,,,,,,,,,,,,,,,,,,,,,,,,,,,,,,,,,,,,,,,,,,,,,,,,,,,,,,,,,,,,,,,,,,,,,,,,,,0.0,,0,0,,,,,,,,,,,,,,,,,,,,,,,,,,,,,,,,,,,,,,,,,,,,,,,,,,,,,,,,,,,,,,,,,,,,,,,,,,,,,,,,,,,,,,,,,
Kugaaruk,0.0,50.0,92.9,0.0,15.0,365.0,0.0,,140.0,0.0,,25.0,115.0,115.0,0.0,100.0,0.0,545.0,0.0,,10.0,60.0,80.0,90.0,40.0,0.0,0.0,10.0,50.0,50.0,50.0,80.0,45.0,55.0,55.0,0.0,10.0,0.0,110.0,35.0,15.0,15.0,70.0,15.0,15.0,15.0,25.0,,75.0,10.0,0.0,0.0,0.0,5.0,0.0,0.0,10.0,5.0,0.0,290.0,285.0,57557.0,93677.0,44721.0,96941.0,24.0,31746.0,73481.0,5.3,68965.0,105013.0,54249.0,108397.0,100.0,225.0,285.0,71.1,39.5,75.0,95.0,35.0,100.0,340.0,65.0,180.0,45.0,110.0,180.0,45.0,50.0,50048.0,76629.0,0.0,79104.0,20.2,11776.0,73472.0,50816.0,81152.0,0.0,82517.0,60.0,20.0,230.0,515.0,520.0,415.0,415.0,85.0,515.0,510.0,425.0,425.0,930.0,515.0,520.0,50.0,95.0,10.0,72.8,187.6,21.0,771,933,0.0,175.0,930.0,930.0,10.0,565.0,10.0,935.0,235.0,925.0,200.0,220.0,180.0,100.0,930.0,570.0,565.0,930.0,930.0,925.0,570.0,360.0,175.0,175.0,925.0,125.0,130.0,10.0,10.0,165.0,165.0,20.0,20.0,10.0,10.0,20.0,25.0,175.0,175.0,570.0,565.0,165.0,165.0,930.0,930.0,935.0,345.0,570.0,360.0,55.0,0.0,220.0,565.0,360.0,570.0,790.0,930.0,935.0,350.0,40.0,70.0,220.0,570.0,930.0,175.0,180.0,175.0,175.0,175.0,175.0,175.0,0.0,0.0,140.0,220.0,565.0,925.0,335.0,340.0,340.0,235.0,570.0,0.0,5.0,0.0,115.0,33.8,415.0,155.0
Kugluktuk,0.0,56.2,88.6,5.7,25.0,460.0,0.0,,150.0,0.0,,65.0,315.0,135.0,0.0,115.0,0.0,950.0,0.0,,25.0,105.0,125.0,145.0,100.0,15.0,0.0,10.0,120.0,75.0,85.0,190.0,65.0,85.0,105.0,0.0,25.0,0.0,175.0,90.0,70.0,75.0,125.0,60.0,45.0,30.0,80.0,,105.0,15.0,15.0,15.0,25.0,5.0,0.0,0.0,10.0,0.0,0.0,595.0,595.0,48539.0,76398.0,55117.0,79983.0,29.4,41464.0,86523.0,3.4,57228.0,88116.0,65506.0,91925.0,100.0,480.0,570.0,78.4,47.1,420.0,65.0,95.0,80.0,670.0,155.0,265.0,80.0,95.0,85.0,155.0,75.0,32096.0,54144.0,45312.0,54912.0,26.6,18016.0,88832.0,35520.0,57429.0,50816.0,57429.0,40.0,85.0,355.0,945.0,950.0,720.0,720.0,235.0,930.0,935.0,745.0,745.0,1485.0,945.0,945.0,75.0,300.0,60.0,70.6,2.7,2.8,1450,1491,25.0,430.0,1480.0,1480.0,20.0,1020.0,25.0,1490.0,390.0,1480.0,405.0,460.0,260.0,100.0,1480.0,1020.0,1020.0,1480.0,1485.0,1485.0,1025.0,700.0,430.0,430.0,1480.0,190.0,190.0,50.0,50.0,360.0,365.0,100.0,95.0,65.0,60.0,85.0,85.0,430.0,430.0,1020.0,1020.0,370.0,370.0,1480.0,1485.0,1485.0,685.0,1020.0,700.0,135.0,0.0,460.0,1020.0,700.0,1030.0,1330.0,1485.0,1480.0,685.0,80.0,155.0,485.0,1020.0,1480.0,430.0,430.0,430.0,430.0,430.0,430.0,430.0,20.0,0.0,350.0,460.0,1020.0,1480.0,670.0,665.0,665.0,390.0,1020.0,15.0,25.0,10.0,185.0,27.6,720.0,305.0
Nanisivik,,,,,,,,,,,,,,,,,,,,,,,,,,,,,,,,,,,,,,,,,,,,,,,,,,,,,,,,,,,,,,,,,,,,,,,,,,,,,,,,,,,,,,,,,,,,,,,,,,,,,,,,,,,,,,,,,,,,,,,,,0.0,,0,0,,,,,,,,,,,,,,,,,,,,,,,,,,,,,,,,,,,,,,,,,,,,,,,,,,,,,,,,,,,,,,,,,,,,,,,,,,,,,,,,,,,,,,,,,
Naujaat,0.0,0.0,89.2,0.0,20.0,465.0,0.0,,155.0,0.0,,25.0,115.0,145.0,0.0,120.0,0.0,590.0,0.0,,0.0,85.0,80.0,80.0,65.0,0.0,0.0,10.0,70.0,70.0,60.0,60.0,50.0,35.0,35.0,0.0,0.0,0.0,160.0,35.0,35.0,25.0,85.0,25.0,10.0,10.0,25.0,,70.0,10.0,5.0,0.0,10.0,5.0,0.0,0.0,0.0,0.0,0.0,280.0,280.0,73799.0,92180.0,54132.0,95639.0,23.3,34381.0,74664.0,5.4,91286.0,103923.0,66365.0,107338.0,100.0,210.0,275.0,74.6,34.4,105.0,110.0,75.0,110.0,310.0,45.0,265.0,45.0,50.0,205.0,65.0,30.0,78080.0,72704.0,0.0,75520.0,18.2,14720.0,72704.0,107776.0,77056.0,0.0,80000.0,50.0,30.0,305.0,555.0,555.0,460.0,460.0,105.0,540.0,540.0,465.0,465.0,1075.0,555.0,555.0,30.0,120.0,20.0,74.8,2.6,14.5,945,1082,10.0,205.0,1075.0,1080.0,0.0,615.0,0.0,1080.0,245.0,1075.0,185.0,210.0,195.0,100.0,1075.0,615.0,615.0,1075.0,1080.0,1080.0,615.0,395.0,205.0,205.0,1080.0,140.0,140.0,10.0,10.0,180.0,175.0,20.0,20.0,15.0,20.0,40.0,40.0,205.0,205.0,615.0,615.0,190.0,190.0,1075.0,1080.0,1080.0,330.0,615.0,395.0,45.0,0.0,210.0,615.0,395.0,620.0,925.0,1080.0,1080.0,335.0,20.0,70.0,210.0,610.0,1075.0,205.0,200.0,200.0,205.0,205.0,205.0,200.0,0.0,0.0,185.0,210.0,615.0,1075.0,310.0,310.0,310.0,245.0,610.0,0.0,10.0,0.0,100.0,32.3,460.0,155.0
Pangnirtung,0.0,38.5,79.7,2.9,40.0,500.0,0.0,,170.0,0.0,,55.0,285.0,155.0,0.0,125.0,10.0,900.0,0.0,,15.0,120.0,135.0,125.0,105.0,15.0,0.0,0.0,100.0,85.0,100.0,140.0,85.0,80.0,75.0,0.0,30.0,0.0,175.0,60.0,60.0,65.0,135.0,40.0,45.0,35.0,85.0,,70.0,20.0,15.0,10.0,50.0,5.0,0.0,5.0,30.0,0.0,5.0,575.0,570.0,51595.0,81574.0,43542.0,88917.0,27.9,42062.0,76185.0,3.6,62414.0,93848.0,52436.0,101844.0,100.0,475.0,545.0,78.7,48.5,245.0,130.0,145.0,160.0,610.0,65.0,205.0,150.0,75.0,165.0,130.0,35.0,35072.0,69973.0,26560.0,76442.0,23.9,19691.0,81152.0,37248.0,74752.0,27584.0,83840.0,35.0,80.0,365.0,920.0,915.0,725.0,725.0,230.0,895.0,895.0,760.0,755.0,1480.0,920.0,920.0,40.0,300.0,65.0,74.0,190.6,3.9,1425,1481,30.0,410.0,1480.0,1480.0,20.0,980.0,15.0,1480.0,375.0,1480.0,415.0,455.0,265.0,100.0,1475.0,980.0,980.0,1480.0,1485.0,1475.0,980.0,635.0,415.0,415.0,1480.0,210.0,205.0,40.0,35.0,340.0,340.0,80.0,80.0,70.0,65.0,85.0,85.0,415.0,410.0,980.0,980.0,345.0,345.0,1475.0,1485.0,1480.0,665.0,980.0,635.0,110.0,0.0,455.0,980.0,635.0,985.0,1310.0,1480.0,1480.0,665.0,65.0,170.0,475.0,980.0,1475.0,415.0,415.0,410.0,415.0,415.0,415.0,415.0,15.0,0.0,345.0,455.0,980.0,1480.0,610.0,615.0,610.0,370.0,980.0,10.0,10.0,0.0,140.0,23.0,725.0,255.0
Pond Inlet,0.0,33.3,81.0,0.0,40.0,585.0,0.0,,195.0,0.0,,75.0,255.0,160.0,0.0,155.0,0.0,965.0,0.0,,10.0,90.0,130.0,145.0,80.0,10.0,10.0,0.0,125.0,105.0,70.0,130.0,60.0,70.0,90.0,0.0,25.0,0.0,240.0,75.0,55.0,60.0,160.0,45.0,35.0,30.0,60.0,,105.0,10.0,10.0,10.0,20.0,5.0,0.0,5.0,10.0,5.0,0.0,575.0,575.0,52080.0,93298.0,54530.0,97852.0,26.1,37083.0,76811.0,4.6,62871.0,107220.0,67140.0,111928.0,100.0,465.0,550.0,78.0,45.1,225.0,110.0,160.0,190.0,625.0,95.0,200.0,150.0,115.0,220.0,155.0,50.0,42880.0,82091.0,42880.0,86272.0,22.6,13904.0,76800.0,44352.0,89344.0,44416.0,92288.0,80.0,50.0,405.0,980.0,975.0,795.0,795.0,210.0,940.0,940.0,825.0,825.0,1610.0,980.0,980.0,50.0,220.0,35.0,77.7,9.3,4.4,1549,1617,25.0,355.0,1615.0,1615.0,15.0,1030.0,20.0,1620.0,390.0,1615.0,410.0,450.0,255.0,100.0,1610.0,1030.0,1025.0,1615.0,1615.0,1610.0,1025.0,685.0,350.0,350.0,1615.0,205.0,210.0,15.0,15.0,310.0,310.0,70.0,70.0,35.0,40.0,60.0,60.0,350.0,355.0,1030.0,1030.0,315.0,315.0,1615.0,1620.0,1620.0,700.0,1030.0,685.0,130.0,0.0,450.0,1030.0,690.0,1030.0,1425.0,1615.0,1615.0,700.0,65.0,175.0,465.0,1030.0,1615.0,350.0,355.0,355.0,350.0,350.0,350.0,355.0,15.0,0.0,290.0,450.0,1030.0,1615.0,625.0,625.0,620.0,390.0,1030.0,20.0,15.0,0.0,155.0,24.8,800.0,235.0
Qikiqtarjuaq,0.0,0.0,83.9,6.5,10.0,190.0,0.0,,75.0,0.0,,25.0,130.0,60.0,0.0,45.0,10.0,385.0,0.0,,0.0,45.0,70.0,60.0,45.0,0.0,0.0,0.0,45.0,40.0,35.0,45.0,25.0,35.0,35.0,0.0,10.0,0.0,65.0,30.0,25.0,30.0,70.0,20.0,10.0,10.0,20.0,,35.0,10.0,5.0,0.0,10.0,0.0,5.0,5.0,10.0,0.0,0.0,225.0,230.0,52136.0,67634.0,46461.0,73079.0,27.9,30872.0,68381.0,3.4,61742.0,76554.0,54103.0,82327.0,100.0,185.0,225.0,73.9,45.7,160.0,30.0,30.0,60.0,250.0,20.0,115.0,50.0,40.0,65.0,35.0,25.0,34901.0,48256.0,34901.0,53376.0,24.8,13088.0,60800.0,35157.0,49280.0,35157.0,56448.0,15.0,45.0,150.0,385.0,385.0,325.0,325.0,85.0,385.0,385.0,340.0,335.0,600.0,385.0,385.0,25.0,120.0,35.0,80.2,4.6,15.0,520,598,0.0,175.0,600.0,600.0,10.0,405.0,10.0,595.0,145.0,600.0,175.0,180.0,115.0,100.0,600.0,405.0,405.0,595.0,595.0,595.0,405.0,270.0,175.0,180.0,600.0,90.0,95.0,10.0,15.0,135.0,135.0,25.0,25.0,35.0,35.0,50.0,50.0,175.0,175.0,405.0,405.0,140.0,140.0,600.0,600.0,600.0,265.0,405.0,270.0,40.0,0.0,180.0,405.0,270.0,410.0,530.0,595.0,595.0,265.0,25.0,65.0,190.0,405.0,600.0,175.0,175.0,175.0,175.0,175.0,175.0,175.0,10.0,10.0,155.0,180.0,405.0,595.0,250.0,250.0,250.0,150.0,405.0,0.0,10.0,0.0,65.0,26.0,325.0,80.0
Rankin Inlet,4.0,72.5,82.6,4.6,170.0,820.0,0.0,,280.0,0.0,,240.0,515.0,255.0,0.0,280.0,10.0,1925.0,0.0,,40.0,260.0,235.0,280.0,205.0,55.0,60.0,20.0,215.0,195.0,190.0,305.0,175.0,165.0,180.0,10.0,35.0,20.0,280.0,175.0,120.0,135.0,330.0,90.0,55.0,50.0,95.0,,260.0,25.0,5.0,10.0,15.0,5.0,5.0,5.0,10.0,0.0,0.0,1465.0,1465.0,77915.0,122334.0,79930.0,132852.0,28.8,61954.0,93925.0,3.5,95323.0,146016.0,98590.0,157779.0,100.0,1275.0,1435.0,88.6,65.2,225.0,235.0,190.0,170.0,1545.0,415.0,200.0,205.0,160.0,170.0,795.0,80.0,79232.0,110976.0,84992.0,121472.0,26.6,45248.0,98816.0,96512.0,131129.0,104704.0,141440.0,80.0,190.0,410.0,1850.0,1850.0,1655.0,1660.0,805.0,1775.0,1775.0,1700.0,1700.0,2775.0,1850.0,1850.0,80.0,525.0,155.0,84.7,140.4,10.3,2577,2842,25.0,795.0,2775.0,2770.0,95.0,1955.0,105.0,2840.0,695.0,2770.0,1220.0,1265.0,520.0,100.0,2775.0,1955.0,1950.0,2770.0,2785.0,2770.0,1955.0,1365.0,795.0,795.0,2770.0,395.0,395.0,85.0,90.0,625.0,625.0,115.0,120.0,155.0,160.0,200.0,200.0,795.0,795.0,1955.0,1950.0,635.0,640.0,2775.0,2790.0,2790.0,1625.0,1955.0,1360.0,170.0,0.0,1260.0,1955.0,1360.0,2025.0,2490.0,2790.0,2785.0,1625.0,250.0,325.0,1275.0,1955.0,2770.0,795.0,795.0,795.0,795.0,795.0,795.0,795.0,105.0,20.0,545.0,1260.0,1950.0,2775.0,1545.0,1545.0,1545.0,695.0,1955.0,110.0,30.0,15.0,270.0,17.5,1655.0,295.0
Resolute,,0.0,100.0,,10.0,60.0,,,25.0,,,10.0,50.0,20.0,0.0,20.0,0.0,130.0,,,10.0,15.0,15.0,20.0,15.0,0.0,0.0,0.0,10.0,20.0,20.0,15.0,10.0,5.0,10.0,0.0,0.0,0.0,15.0,5.0,5.0,10.0,20.0,10.0,10.0,0.0,5.0,,20.0,5.0,0.0,0.0,10.0,0.0,0.0,0.0,0.0,0.0,0.0,80.0,80.0,,,,,27.8,,,2.9,,,,,,70.0,80.0,,53.8,,,,,85.0,,,,,,,0.0,,75776.0,,,25.8,,,,84736.0,,,0.0,20.0,45.0,,,,,,,,,,190.0,,,0.0,45.0,15.0,,1.7,-7.5,214,198,0.0,,190.0,190.0,0.0,,0.0,195.0,45.0,190.0,70.0,70.0,35.0,100.0,,,,195.0,195.0,190.0,130.0,90.0,,,190.0,,,,,,,,,,,,,65.0,,130.0,135.0,,,190.0,200.0,200.0,105.0,130.0,90.0,15.0,,70.0,135.0,90.0,140.0,165.0,195.0,195.0,105.0,15.0,35.0,70.0,130.0,190.0,65.0,65.0,65.0,65.0,65.0,65.0,65.0,0.0,0.0,55.0,70.0,,190.0,85.0,85.0,85.0,45.0,135.0,0.0,5.0,0.0,10.0,11.8,,
Sanikiluaq,0.0,66.7,83.8,0.0,15.0,320.0,0.0,,110.0,0.0,,30.0,145.0,90.0,0.0,80.0,0.0,530.0,0.0,,0.0,70.0,85.0,70.0,55.0,0.0,0.0,10.0,60.0,50.0,55.0,85.0,45.0,55.0,50.0,0.0,10.0,0.0,115.0,40.0,25.0,30.0,50.0,20.0,20.0,20.0,35.0,,50.0,10.0,10.0,0.0,10.0,0.0,0.0,0.0,10.0,0.0,0.0,245.0,250.0,36830.0,67097.0,30849.0,73563.0,26.1,32969.0,72201.0,4.0,42907.0,74991.0,36068.0,81934.0,100.0,215.0,240.0,71.5,38.4,245.0,45.0,50.0,90.0,300.0,40.0,140.0,35.0,40.0,145.0,40.0,55.0,11552.0,54912.0,8672.0,60544.0,22.3,13664.0,70400.0,11552.0,57600.0,8672.0,62848.0,30.0,45.0,255.0,515.0,515.0,360.0,360.0,115.0,510.0,510.0,380.0,380.0,880.0,515.0,515.0,55.0,145.0,30.0,64.3,7.7,8.6,812,882,10.0,220.0,875.0,875.0,0.0,560.0,10.0,885.0,210.0,880.0,180.0,205.0,120.0,100.0,880.0,560.0,560.0,880.0,880.0,880.0,560.0,355.0,220.0,220.0,880.0,100.0,100.0,15.0,15.0,175.0,180.0,60.0,55.0,30.0,35.0,50.0,50.0,220.0,220.0,560.0,560.0,185.0,185.0,875.0,880.0,880.0,290.0,560.0,360.0,90.0,0.0,205.0,560.0,360.0,560.0,770.0,880.0,880.0,290.0,30.0,110.0,215.0,560.0,880.0,220.0,220.0,220.0,220.0,215.0,215.0,220.0,0.0,0.0,190.0,205.0,560.0,880.0,300.0,305.0,305.0,215.0,560.0,10.0,10.0,0.0,85.0,28.3,360.0,200.0
Taloyoak,0.0,75.0,95.2,0.0,15.0,385.0,0.0,,140.0,0.0,,35.0,165.0,110.0,0.0,95.0,0.0,595.0,0.0,,0.0,65.0,85.0,105.0,60.0,10.0,0.0,0.0,75.0,40.0,50.0,65.0,55.0,50.0,55.0,0.0,10.0,0.0,140.0,50.0,25.0,30.0,90.0,20.0,25.0,20.0,45.0,,80.0,15.0,10.0,10.0,10.0,0.0,0.0,5.0,10.0,0.0,0.0,315.0,315.0,58467.0,81087.0,53294.0,83578.0,25.4,30464.0,68680.0,4.5,68891.0,90962.0,62965.0,93471.0,100.0,230.0,315.0,68.5,35.9,145.0,55.0,115.0,135.0,390.0,20.0,200.0,75.0,45.0,150.0,75.0,75.0,51840.0,67200.0,0.0,67584.0,21.0,11888.0,57984.0,58496.0,69888.0,0.0,70912.0,50.0,20.0,250.0,590.0,590.0,475.0,475.0,110.0,585.0,585.0,485.0,480.0,1025.0,590.0,595.0,80.0,160.0,20.0,74.2,27.3,14.5,899,1029,10.0,230.0,1025.0,1025.0,0.0,640.0,10.0,1030.0,270.0,1025.0,190.0,235.0,180.0,100.0,1025.0,640.0,640.0,1025.0,1025.0,1025.0,640.0,410.0,230.0,230.0,1025.0,140.0,135.0,10.0,10.0,210.0,210.0,55.0,55.0,20.0,20.0,30.0,25.0,235.0,235.0,640.0,640.0,215.0,210.0,1025.0,1030.0,1030.0,365.0,640.0,415.0,90.0,0.0,230.0,640.0,410.0,645.0,885.0,1030.0,1025.0,365.0,25.0,80.0,235.0,640.0,1025.0,230.0,230.0,230.0,230.0,230.0,235.0,230.0,10.0,0.0,205.0,235.0,640.0,1025.0,390.0,390.0,390.0,270.0,640.0,10.0,0.0,0.0,155.0,39.7,475.0,165.0
Umingmaktok,,,,,,,,,,,,,,,,,,,,,,,,,,,,,,,,,,,,,,,,,,,,,,,,,,,,,,,,,,,,,,,,,,,,,,,,,,,,,,,,,,,,,,,,,,,,,,,,,,,,,,,,,,,,,,,,,,,,,,,,,0.0,-100.0,5,0,,,,,,,,,,,,,,,,,,,,,,,,,,,,,,,,,,,,,,,,,,,,,,,,,,,,,,,,,,,,,,,,,,,,,,,,,,,,,,,,,,,,,,,,,
Whale Cove,0.0,50.0,88.9,0.0,0.0,165.0,0.0,,50.0,0.0,,20.0,65.0,55.0,0.0,45.0,0.0,250.0,0.0,,10.0,50.0,35.0,30.0,25.0,0.0,0.0,0.0,25.0,20.0,25.0,30.0,20.0,30.0,25.0,0.0,10.0,0.0,55.0,25.0,15.0,15.0,55.0,5.0,5.0,10.0,20.0,,35.0,10.0,5.0,0.0,0.0,5.0,0.0,0.0,10.0,0.0,0.0,165.0,170.0,45521.0,76788.0,45531.0,83658.0,26.5,35145.0,78505.0,4.0,54867.0,88321.0,55812.0,95466.0,100.0,135.0,165.0,78.3,50.0,75.0,35.0,40.0,65.0,190.0,10.0,70.0,20.0,35.0,35.0,45.0,20.0,34048.0,64384.0,34048.0,73472.0,21.8,15008.0,84309.0,42880.0,71936.0,42880.0,80256.0,15.0,20.0,80.0,260.0,260.0,215.0,215.0,70.0,250.0,250.0,220.0,225.0,430.0,260.0,255.0,20.0,75.0,20.0,81.5,1.5,6.9,407,435,0.0,110.0,435.0,435.0,0.0,270.0,0.0,435.0,100.0,435.0,130.0,135.0,75.0,100.0,435.0,270.0,275.0,435.0,435.0,435.0,270.0,175.0,110.0,110.0,435.0,60.0,60.0,10.0,10.0,90.0,90.0,25.0,20.0,20.0,20.0,20.0,20.0,110.0,110.0,270.0,270.0,90.0,90.0,435.0,435.0,435.0,190.0,270.0,170.0,30.0,0.0,135.0,275.0,170.0,275.0,385.0,435.0,435.0,190.0,20.0,40.0,135.0,270.0,435.0,115.0,110.0,110.0,110.0,115.0,115.0,110.0,10.0,0.0,90.0,135.0,270.0,430.0,190.0,195.0,195.0,105.0,270.0,0.0,0.0,0.0,50.0,26.3,220.0,55.0
