GEO_NAME,"% of households living in a dwelling provided by the local government, First Nation or Indian band spending more than 30% on shelter costs",% of owner households spending 30% or more of its income on shelter costs,% of owner households with a mortgage,% of tenant households in subsidized housing,% of tenant households spending 30% or more of its income on shelter costs,0 Legislative and senior management occupations,0 to 14 years,0 to 17 years,0 to 17 years (%),0 to 4 years,0 to 5 years,0 to 5 years (%),"1 Business, finance and administration occupations",10 to 14 years,100 years and over,15 to 19 years,15 to 24 years,15 to 64 years,18 to 64 years,18 to 64 years (%),2 Natural and applied sciences and related occupations,20 to 24 years,25 to 29 years,25 to 34 years,25 to 44 years,3 Health occupations,30 to 34 years,35 to 39 years,35 to 44 years,"4 Occupations in education, law and social, community and government services",40 to 44 years,45 to 49 years,45 to 54 years,45 years and over,"5 Occupations in art, culture, recreation and sport",5 to 14 years,5 to 9 years,50 to 54 years,55 to 59 years,55 to 64 years,6 Sales and service occupations,60 to 64 years,65 to 69 years,65 to 74 years,65 years and over,65 years and over (%),"7 Trades, transport and equipment operators and related occupations",70 to 74 years,75 to 79 years,75 to 84 years,"8 Natural resources, agriculture and related production occupations",80 to 84 years,85 to 89 years,85 years and over,9 Occupations in manufacturing and utilities,90 to 94 years,95 to 99 years,All occupations,Average after-tax income of household in 2020 ($),Average after-tax income of one-person households in 2020 ($),Average after-tax income of two-or-more-person households in 2020 ($),Average age of the population,Average employment income in 2019 among recipients ($),Average employment income in 2019 for full-year full-time workers in 2020 ($),Average employment income in 2019 of those who worked part-year or part-time in 2020 ($),Average employment income in 2020 among recipients ($),Average employment income in 2020 for full-year full-time workers in 2020 ($),Average employment income in 2020 of those who worked part-year or part-time in 2020 ($),Average employment insurance benefits in 2019 among recipients ($),Average employment insurance benefits in 2020 among recipients ($),Average household size,Average total income of household in 2020 ($),Average total income of one-person households in 2020 ($),Average total income of two-or-more-person households in 2020 ($),Composition of total income in 2019 of the population aged 15 years and over in private households (%) - 25% sample data,Composition of total income in 2020 of the population aged 15 years and over in private households (%) - 25% sample data,Couple-family households,Employed,Employee,Employment income (%),Employment insurance benefits (%),Employment rate,Gini index on adjusted household after-tax income,Gini index on adjusted household market income,Gini index on adjusted household total income,In bottom decile,In eighth decile,In fifth decile,In fourth decile,In ninth decile,In second decile,In seventh decile,In sixth decile,In the labour force,In third decile,In top decile,Industry - not applicable,Median after-tax income of household in 2020 ($),Median after-tax income of one-person households in 2020 ($),Median after-tax income of two-or-more-person households in 2020 ($),Median age of the population,Median employment income in 2019 among recipients ($),Median employment income in 2019 for full-year full-time workers in 2020 ($),Median employment income in 2019 of those who worked part-year or part-time in 2020 ($),Median employment income in 2020 among recipients ($),Median employment income in 2020 for full-year full-time workers in 2020 ($),Median employment income in 2020 of those who worked part-year or part-time in 2020 ($),Median employment insurance benefits in 2019 among recipients ($),Median employment insurance benefits in 2020 among recipients ($),Median total income of household in 2020 ($),Median total income of one-person households in 2020 ($),Median total income of two-or-more-person households in 2020 ($),Multigenerational households,Multiple-census-family households,Not in the labour force,Number of COVID-19 emergency and recovery benefits recipients aged 15 years and over in private households in 2020 - 100% data,Number of COVID-19 emergency and recovery benefits recipients aged 15 years and over in private households in 2020 - 25% sample data,Number of after-tax income recipients aged 15 years and over in private households in 2019 - 100% data,Number of after-tax income recipients aged 15 years and over in private households in 2019 - 25% sample data,Number of after-tax income recipients aged 15 years and over in private households in 2020 - 100% data,Number of after-tax income recipients aged 15 years and over in private households in 2020 - 25% sample data,Number of employment income recipients aged 15 years and over in private households in 2019 - 100% data,Number of employment income recipients aged 15 years and over in private households in 2019 - 25% sample data,Number of employment income recipients aged 15 years and over in private households in 2020 - 100% data,Number of employment income recipients aged 15 years and over in private households in 2020 - 25% sample data,Number of employment income recipients in 2019 who worked full-year full-time in 2020 - 25% sample data,Number of employment income recipients in 2019 who worked part-year or part-time in 2020 - 25% sample data,Number of employment income recipients in 2020 who worked full-year full-time in 2020 - 25% sample data,Number of employment income recipients in 2020 who worked part-year or part-time in 2020 - 25% sample data,Number of employment insurance benefits recipients aged 15 years and over in private households in 2019 - 25% sample data,Number of employment insurance benefits recipients aged 15 years and over in private households in 2019 -100% data,Number of employment insurance benefits recipients aged 15 years and over in private households in 2020 - 100% data,Number of employment insurance benefits recipients aged 15 years and over in private households in 2020 - 25% sample data,Number of government transfers recipients aged 15 years and over in private households in 2019 - 100% data,Number of government transfers recipients aged 15 years and over in private households in 2019 - 25% sample data,Number of government transfers recipients aged 15 years and over in private households in 2020 - 100% data,Number of government transfers recipients aged 15 years and over in private households in 2020 - 25% sample data,Number of market income recipients aged 15 years and over in private households in 2019 - 100% data,Number of market income recipients aged 15 years and over in private households in 2019 - 25% sample data,Number of market income recipients aged 15 years and over in private households in 2020 - 100% data,Number of market income recipients aged 15 years and over in private households in 2020 - 25% sample data,Number of persons in private households,Number of total income recipients aged 15 years and over in private households in 2019 - 100% data,Number of total income recipients aged 15 years and over in private households in 2019 - 25% sample data,Number of total income recipients aged 15 years and over in private households in 2020 - 100% data,Number of total income recipients aged 15 years and over in private households in 2020 - 25% sample data,Occupation - not applicable,One-census-family households with additional persons,One-census-family households without additional persons,One-maintainer household,One-parent-family households,One-person households,P90/P10 ratio on adjusted household after-tax income,Population density per square kilometre,"Population percentage change, 2016 to 2021","Population, 2016","Population, 2021",Self-employed,Three-or-more-maintainer household,Total - Adjusted after-tax economic family income decile group for the population in private households - 100% data,Total - Admission category and applicant type for the immigrant population in private households who were admitted between 1980 and 2021 - 25% sample data,Total - After-tax income groups in 2020 for the population aged 15 years and over in private households - 100% data,Total - Age at immigration for the immigrant population in private households - 25% sample data,Total - Age groups of the population - 100% data,Total - All languages spoken at home for the total population excluding institutional residents - 100% data,"Total - All languages used at work for the population in private households aged 15 years and over who worked since January 1, 2020 - 25% sample data",Total - Census families in private households by family size - 100% data,Total - Citizenship for the population in private households - 25% sample data,Total - Commuting destination for the employed labour force aged 15 years and over with a usual place of work - 25% sample data,Total - Commuting duration for the employed labour force aged 15 years and over with a usual place of work or no fixed workplace address - 25% sample data,Total - Distribution (%) of the population by broad age groups - 100% data,"Total - Eligibility and instruction in the minority official language, for the population in private households born between 2003 and 2015 (inclusive) - 100% data",Total - Eligibility for instruction in the minority official language for the population in private households born in 2003 or later - 100% data,Total - Employment income groups in 2020 for the population aged 15 years and over in private households - 100% data,Total - Employment income statistics in 2019 for the population aged 15 years and over in private households - 25% sample data,Total - Employment income statistics in 2020 for the population aged 15 years and over in private households - 25% sample data,Total - Ethnic or cultural origin for the population in private households - 25% sample data,Total - First official language spoken for the total population excluding institutional residents - 100% data,Total - Generation status for the population in private households - 25% sample data,"Total - Highest certificate, diploma or degree for the population aged 15 years and over in private households - 25% sample data","Total - Highest certificate, diploma or degree for the population aged 25 to 64 years in private households - 25% sample data",Total - Household after-tax income groups in 2020 for private households - 100% data,Total - Household total income groups in 2020 for private households - 100% data,Total - Household type - 100% data,Total - Households 'spending 30% or more of income on shelter costs' or 'not suitable' or 'major repairs needed',"Total - Households living in a dwelling provided by the local government, First Nation or Indian band in non-farm private dwellings - 25% sample data",Total - Immigrant status and period of immigration for the population in private households - 25% sample data,Total - Income statistics for couple-only economic families in private households - 100% data,Total - Income statistics for couple-only economic families in private households - 25% sample data,Total - Income statistics for couple-with-children economic families in private households - 100% data,Total - Income statistics for couple-with-children economic families in private households - 25% sample data,Total - Income statistics for economic families in private households - 100% data,Total - Income statistics for economic families in private households - 25% sample data,Total - Income statistics for one-parent economic families in private households - 100% data,Total - Income statistics for one-parent economic families in private households - 25% sample data,Total - Income statistics for one-person private households - 100% data,Total - Income statistics for one-person private households - 25% sample data,Total - Income statistics for persons aged 15 years and over not in economic families in private households - 100% data,Total - Income statistics for persons aged 15 years and over not in economic families in private households - 25% sample data,Total - Income statistics for private households - 100% data,Total - Income statistics for private households - 25% sample data,Total - Income statistics for two-or-more-persons private households - 100% data,Total - Income statistics for two-or-more-persons private households - 25% sample data,Total - Income statistics in 2019 for the population aged 15 years and over in private households - 100% data,Total - Income statistics in 2019 for the population aged 15 years and over in private households - 25% sample data,Total - Income statistics in 2020 for the population aged 15 years and over in private households - 100% data,Total - Income statistics in 2020 for the population aged 15 years and over in private households - 25% sample data,Total - Indigenous ancestry for the population in private households - 25% sample data,Total - Indigenous identity for the population in private households - 25% sample data,Total - Inequality measures for the population in private households - 100% data,Total - Knowledge of languages for the population in private households - 25% sample data,Total - Knowledge of official languages for the total population excluding institutional residents - 100% data,Total - LICO low-income status in 2020 for the population in private households to whom the low-income concept is applicable - 100% data,Total - LIM low-income status in 2020 for the population in private households - 100% data,Total - Labour force aged 15 years and over by class of worker including job permanency - 25% sample data,Total - Labour force aged 15 years and over by industry - Sectors - North American Industry Classification System (NAICS) 2017 - 25% sample data,Total - Labour force aged 15 years and over by occupation - Broad category - National Occupational Classification (NOC) 2021 - 25% sample data,Total - Language spoken most often at home for the total population excluding institutional residents - 100% data,"Total - Language used most often at work for the population aged 15 years and over who worked since January 1, 2020, in private households, 2021 Census - 25% sample data",Total - Location of study compared with province or territory of residence for the population aged 25 to 64 years in private households - 25% sample data,Total - Main mode of commuting for the employed labour force aged 15 years and over with a usual place of work or no fixed workplace address - 25% sample data,Total - Major field of study - Classification of Instructional Programs (CIP) 2021 for the population aged 15 years and over in private households - 25% sample data,Total - Major field of study - Classification of Instructional Programs (CIP) 2021 for the population aged 25 to 64 years in private households - 25% sample data,Total - Marital status for the total population aged 15 years and over - 100% data,Total - Mobility status 5 years ago - 25% sample data,Total - Mother tongue for the total population excluding institutional residents - 100% data,Total - Other language(s) spoken regularly at home for the total population excluding institutional residents - 100% data,"Total - Other language(s) used regularly at work for the population in private households aged 15 years and over who worked since January 1, 2020 - 25% sample data","Total - Owner and tenant households with household total income greater than zero and shelter-cost-to-income ratio less than 100%, in non-farm, non-reserve private dwellings - 25% sample data","Total - Owner and tenant households with household total income greater than zero, in non-farm, non-reserve private dwellings by shelter-cost-to-income ratio - 25% sample data","Total - Owner households in non-farm, non-reserve private dwellings - 25% sample data",Total - Persons in private households - 100% data,Total - Persons not in census families in private households - 100% data,Total - Place of birth for the immigrant population in private households - 25% sample data,Total - Place of birth for the recent immigrant population in private households - 25% sample data,Total - Place of work status for the employed labour force aged 15 years and over - 25% sample data,Total - Population aged 15 years and over by labour force status - 25% sample data,Total - Population aged 15 years and over by work activity during the reference year - 25% sample data,Total - Pre-admission experience for the immigrant population in private households who were admitted between 1980 and 2021 - 25% sample data,Total - Private households by age of primary household maintainers - 25% sample data,Total - Private households by household size - 100% data,Total - Private households by housing suitability - 25% sample data,Total - Private households by number of household maintainers - 25% sample data,Total - Private households by number of persons per room - 25% sample data,Total - Private households by tenure - 25% sample data,Total - Registered or Treaty Indian status for the population in private households - 25% sample data,Total - Religion for the population in private households - 25% sample data,Total - Secondary (high) school diploma or equivalency certificate for the population aged 15 years and over in private households - 25% sample data,Total - Secondary (high) school diploma or equivalency certificate for the population aged 25 to 64 years in private households - 25% sample data,"Total - Tenant households in non-farm, non-reserve private dwellings - 25% sample data",Total - Time leaving for work for the employed labour force aged 15 years and over with a usual place of work or no fixed workplace address - 25% sample data,Total - Total income groups in 2020 for the population aged 15 years and over in private households - 100% data,Total - Visible minority for the population in private households - 25% sample data,Total number of census families in private households - 100% data,Total visible minority population,Two-maintainer household,Two-or-more-person non-census-family households,Under 5 years,Unemployed,Unemployment rate,With employment income,Without employment income
Aklavik,,0.0,23.1,53.3,10.0,0.0,125.0,145.0,24.0,40.0,50.0,28.0,30.0,45.0,0.0,40.0,10.0,355.0,330.0,23.0,10.0,30.0,35.0,40.0,10.0,10.0,50.0,40.0,35.0,55.0,20.0,20.0,40.0,0.0,0.0,0.0,45.0,45.0,45.0,55.0,40.0,30.0,20.0,25.0,60.0,16.0,45.0,20.0,10.0,15.0,10.0,10.0,5.0,5.0,10.0,0.0,0.0,200.0,73000.0,36000.0,98000.0,35.9,41200.0,72000.0,33000.0,46000.0,78000.0,31000.0,7800.0,8400.0,2.5,83000.0,41000.0,110000.0,100.0,100.0,75.0,180.0,190.0,68.0,2.6,43.4,0.324,0.562,0.362,95.0,30.0,35.0,40.0,25.0,85.0,30.0,80.0,220.0,60.0,50.0,20.0,54800.0,24200.0,85000.0,34.0,20800.0,72500.0,28800.0,28000.0,74500.0,21600.0,5440.0,6500.0,55200.0,24200.0,91000.0,10.0,0.0,195.0,110.0,110.0,385.0,390.0,410.0,415.0,280.0,280.0,265.0,265.0,110.0,65.0,110.0,75.0,55.0,55.0,55.0,50.0,375.0,375.0,410.0,415.0,300.0,300.0,285.0,280.0,535.0,385.0,390.0,410.0,415.0,20.0,5.0,105.0,140.0,35.0,85.0,5.2,43.6,-9.2,590.0,536.0,15.0,15.0,535.0,10.0,410.0,10.0,535.0,535.0,220.0,130.0,535.0,145.0,170.0,100.0,110.0,150.0,410.0,415.0,415.0,535.0,535.0,535.0,415.0,290.0,215.0,215.0,215.0,115.0,0.0,535.0,15.0,20.0,60.0,60.0,125.0,125.0,45.0,45.0,85.0,90.0,100.0,100.0,215.0,215.0,130.0,130.0,410.0,415.0,410.0,415.0,535.0,535.0,535.0,540.0,535.0,0.0,535.0,215.0,215.0,215.0,535.0,220.0,285.0,170.0,410.0,285.0,415.0,500.0,535.0,535.0,220.0,210.0,215.0,65.0,535.0,115.0,10.0,0.0,175.0,415.0,410.0,10.0,215.0,215.0,215.0,215.0,215.0,215.0,535.0,535.0,415.0,285.0,150.0,170.0,410.0,535.0,130.0,10.0,60.0,5.0,0.0,40.0,18.2,265.0,145.0
Behchokò,,7.0,30.2,49.0,8.2,0.0,480.0,570.0,16.8,135.0,170.0,17.0,65.0,200.0,0.0,155.0,15.0,1105.0,1015.0,7.6,15.0,135.0,135.0,70.0,15.0,40.0,115.0,85.0,85.0,145.0,120.0,90.0,100.0,0.0,20.0,10.0,150.0,105.0,110.0,100.0,105.0,60.0,60.0,60.0,155.0,7.0,140.0,40.0,25.0,25.0,30.0,25.0,0.0,15.0,0.0,5.0,5.0,570.0,116800.0,52000.0,128500.0,32.5,48700.0,78000.0,45600.0,47200.0,79500.0,35600.0,9800.0,8600.0,3.8,133000.0,60000.0,146000.0,100.0,100.0,175.0,505.0,550.0,65.6,2.3,40.6,0.286,0.482,0.313,160.0,160.0,115.0,215.0,235.0,100.0,175.0,180.0,640.0,130.0,255.0,75.0,106000.0,37600.0,117000.0,28.8,31800.0,81000.0,31800.0,29800.0,77500.0,26200.0,8500.0,6400.0,115000.0,38000.0,133000.0,65.0,5.0,605.0,625.0,630.0,1120.0,1125.0,1245.0,1245.0,855.0,855.0,850.0,845.0,285.0,210.0,295.0,230.0,120.0,125.0,165.0,165.0,1060.0,1065.0,1245.0,1245.0,895.0,900.0,895.0,900.0,1730.0,1120.0,1125.0,1245.0,1245.0,75.0,45.0,265.0,230.0,85.0,75.0,4.1,23.3,-6.8,1874.0,1746.0,25.0,55.0,1730.0,25.0,1245.0,30.0,1750.0,1730.0,630.0,435.0,1730.0,405.0,480.0,100.0,430.0,580.0,1245.0,1250.0,1250.0,1730.0,1730.0,1730.0,1245.0,815.0,460.0,460.0,460.0,275.0,0.0,1730.0,50.0,50.0,195.0,195.0,385.0,385.0,130.0,130.0,75.0,70.0,95.0,95.0,460.0,460.0,390.0,390.0,1245.0,1245.0,1245.0,1245.0,1730.0,1730.0,1730.0,1730.0,1730.0,0.0,1730.0,645.0,645.0,645.0,1730.0,630.0,815.0,480.0,1245.0,815.0,1265.0,1590.0,1730.0,1730.0,630.0,455.0,460.0,215.0,1730.0,205.0,30.0,10.0,505.0,1245.0,1245.0,25.0,460.0,460.0,460.0,460.0,460.0,460.0,1730.0,1730.0,1250.0,820.0,245.0,480.0,1245.0,1730.0,435.0,45.0,175.0,15.0,0.0,135.0,21.1,845.0,395.0
Colville Lake,,,0.0,0.0,,0.0,25.0,,,10.0,,,10.0,15.0,0.0,15.0,0.0,75.0,,,0.0,10.0,15.0,10.0,0.0,0.0,5.0,5.0,0.0,0.0,10.0,5.0,0.0,0.0,0.0,0.0,10.0,5.0,5.0,10.0,10.0,5.0,0.0,0.0,5.0,,10.0,5.0,0.0,0.0,0.0,0.0,0.0,0.0,0.0,0.0,0.0,40.0,,,,30.4,,,,,,,,,3.7,,,,,,15.0,40.0,40.0,,,47.1,,,,,,,,,,,,35.0,,,0.0,,,,25.6,,,,,,,,,,,,0.0,0.0,45.0,,,,,,,,,,,,,,,,,,,,,,,,,,,110.0,,,,,0.0,0.0,20.0,10.0,5.0,5.0,,0.9,-14.7,129.0,110.0,0.0,0.0,,0.0,,0.0,110.0,110.0,40.0,20.0,110.0,30.0,35.0,100.0,25.0,40.0,,80.0,80.0,110.0,110.0,110.0,85.0,55.0,,,30.0,15.0,0.0,110.0,,,,,,,,,,,5.0,10.0,,,,,85.0,80.0,85.0,80.0,110.0,110.0,,110.0,110.0,,,40.0,40.0,40.0,110.0,40.0,55.0,35.0,85.0,55.0,80.0,100.0,110.0,110.0,40.0,,,20.0,110.0,15.0,0.0,0.0,35.0,85.0,85.0,0.0,30.0,30.0,30.0,30.0,30.0,30.0,110.0,110.0,80.0,55.0,10.0,35.0,,110.0,25.0,0.0,15.0,0.0,0.0,0.0,0.0,,
Dettah,,,40.0,63.6,,0.0,35.0,,,5.0,,,15.0,10.0,0.0,15.0,0.0,135.0,,,10.0,15.0,10.0,0.0,0.0,10.0,5.0,5.0,10.0,10.0,10.0,15.0,20.0,0.0,10.0,0.0,15.0,10.0,15.0,30.0,10.0,35.0,5.0,10.0,25.0,,20.0,10.0,0.0,0.0,0.0,5.0,0.0,5.0,10.0,0.0,0.0,75.0,,,,40.8,,,,,,,,,2.4,,,,,,30.0,65.0,70.0,,,41.9,,,,,,,,,,,,85.0,,,10.0,,,,44.4,,,,,,,,,,,,5.0,0.0,75.0,,,,,,,,,,,,,,,,,,,,,,,,,,,190.0,,,,,10.0,5.0,50.0,50.0,15.0,25.0,,171.9,-12.3,219.0,192.0,10.0,0.0,,0.0,,0.0,190.0,195.0,95.0,60.0,195.0,40.0,60.0,100.0,30.0,40.0,,160.0,160.0,195.0,195.0,190.0,155.0,105.0,,,80.0,35.0,0.0,195.0,,,,,,,,,,,25.0,25.0,,,,,155.0,160.0,155.0,160.0,190.0,190.0,,195.0,195.0,,,80.0,80.0,80.0,195.0,95.0,100.0,60.0,160.0,100.0,160.0,185.0,195.0,190.0,95.0,,,25.0,195.0,30.0,0.0,0.0,65.0,155.0,160.0,0.0,80.0,80.0,80.0,80.0,80.0,80.0,190.0,190.0,160.0,105.0,55.0,60.0,,190.0,65.0,0.0,20.0,0.0,0.0,15.0,17.6,,
Déline,,0.0,20.0,65.2,0.0,10.0,130.0,160.0,22.0,50.0,55.0,24.0,40.0,40.0,0.0,35.0,0.0,365.0,330.0,12.4,0.0,40.0,45.0,25.0,0.0,0.0,50.0,35.0,30.0,60.0,30.0,30.0,35.0,0.0,10.0,0.0,40.0,30.0,40.0,40.0,40.0,30.0,30.0,45.0,80.0,,55.0,30.0,15.0,15.0,10.0,5.0,0.0,0.0,0.0,0.0,0.0,225.0,99000.0,54000.0,116000.0,36.2,39200.0,72000.0,26000.0,43800.0,78000.0,30400.0,10000.0,7200.0,3.0,113000.0,62000.0,132000.0,100.0,100.0,65.0,190.0,215.0,69.0,1.4,43.7,0.289,0.472,0.318,55.0,45.0,30.0,70.0,75.0,50.0,75.0,45.0,250.0,45.0,80.0,25.0,91000.0,38000.0,106000.0,33.2,18800.0,80000.0,14500.0,25200.0,74000.0,17200.0,9900.0,6280.0,99000.0,38800.0,120000.0,15.0,0.0,185.0,205.0,205.0,410.0,410.0,435.0,435.0,360.0,360.0,345.0,345.0,125.0,95.0,125.0,100.0,55.0,50.0,40.0,35.0,405.0,405.0,435.0,435.0,375.0,375.0,360.0,355.0,565.0,410.0,410.0,435.0,435.0,25.0,5.0,105.0,105.0,40.0,50.0,4.6,7.2,7.5,533.0,573.0,10.0,30.0,565.0,0.0,435.0,10.0,570.0,565.0,265.0,150.0,565.0,140.0,180.0,100.0,110.0,155.0,435.0,435.0,435.0,565.0,565.0,565.0,435.0,285.0,190.0,190.0,190.0,100.0,0.0,565.0,15.0,10.0,70.0,75.0,140.0,135.0,45.0,40.0,50.0,55.0,65.0,65.0,190.0,190.0,140.0,140.0,435.0,435.0,435.0,435.0,565.0,565.0,565.0,565.0,565.0,0.0,565.0,250.0,250.0,250.0,565.0,265.0,285.0,180.0,435.0,285.0,440.0,515.0,565.0,565.0,265.0,190.0,190.0,75.0,565.0,80.0,10.0,0.0,185.0,435.0,435.0,0.0,190.0,190.0,190.0,190.0,190.0,190.0,565.0,565.0,435.0,285.0,115.0,180.0,435.0,565.0,150.0,10.0,55.0,10.0,0.0,60.0,24.0,340.0,90.0
Enterprise,,,0.0,0.0,,0.0,20.0,,,5.0,,,10.0,5.0,0.0,0.0,0.0,35.0,,,0.0,0.0,5.0,0.0,0.0,0.0,5.0,0.0,10.0,10.0,10.0,5.0,0.0,0.0,0.0,0.0,5.0,5.0,5.0,10.0,0.0,10.0,5.0,15.0,25.0,,15.0,10.0,5.0,10.0,0.0,0.0,0.0,0.0,0.0,0.0,0.0,35.0,,,,45.0,,,,,,,,,2.3,,,,,,20.0,30.0,35.0,,,54.5,,,,,,,,,,,,40.0,,,0.0,,,,46.8,,,,,,,,,,,,0.0,0.0,15.0,,,,,,,,,,,,,,,,,,,,,,,,,,,75.0,,,,,0.0,0.0,20.0,20.0,5.0,10.0,,0.2,-29.2,106.0,75.0,10.0,0.0,,0.0,,0.0,75.0,75.0,40.0,20.0,75.0,25.0,30.0,100.0,15.0,20.0,,55.0,55.0,75.0,75.0,75.0,55.0,35.0,,,35.0,10.0,0.0,75.0,,,,,,,,,,,15.0,15.0,,,,,60.0,55.0,60.0,55.0,75.0,75.0,,75.0,75.0,,,35.0,35.0,35.0,75.0,40.0,35.0,30.0,55.0,35.0,55.0,70.0,75.0,75.0,40.0,,,25.0,75.0,20.0,0.0,0.0,35.0,55.0,55.0,0.0,30.0,30.0,30.0,30.0,30.0,30.0,75.0,75.0,55.0,35.0,10.0,30.0,,75.0,20.0,0.0,15.0,0.0,0.0,10.0,25.0,,
Fort Good Hope,,11.1,16.7,28.6,9.5,10.0,110.0,135.0,6.0,40.0,45.0,,35.0,40.0,0.0,35.0,0.0,345.0,320.0,6.8,0.0,25.0,45.0,35.0,10.0,0.0,35.0,35.0,30.0,60.0,40.0,35.0,45.0,0.0,10.0,10.0,35.0,40.0,35.0,35.0,50.0,25.0,10.0,15.0,50.0,10.0,50.0,10.0,10.0,20.0,10.0,10.0,5.0,5.0,10.0,0.0,0.0,225.0,91000.0,48000.0,114000.0,35.9,49000.0,75000.0,29000.0,49600.0,76000.0,27000.0,11200.0,9600.0,2.6,104000.0,54000.0,130000.0,100.0,100.0,80.0,200.0,220.0,75.0,2.8,50.6,0.252,0.422,0.278,25.0,65.0,35.0,55.0,95.0,55.0,55.0,30.0,245.0,45.0,45.0,20.0,79500.0,36800.0,109000.0,34.8,35200.0,77000.0,20200.0,34800.0,77000.0,16600.0,9500.0,6500.0,86000.0,42000.0,130000.0,10.0,0.0,145.0,145.0,145.0,370.0,370.0,390.0,395.0,325.0,320.0,305.0,305.0,135.0,80.0,135.0,80.0,55.0,55.0,60.0,60.0,345.0,345.0,390.0,390.0,335.0,335.0,320.0,320.0,510.0,370.0,370.0,390.0,395.0,20.0,5.0,105.0,115.0,30.0,65.0,3.4,10.7,-1.7,516.0,507.0,0.0,20.0,510.0,15.0,395.0,15.0,510.0,505.0,235.0,135.0,510.0,170.0,205.0,100.0,100.0,140.0,395.0,395.0,395.0,505.0,505.0,505.0,395.0,280.0,195.0,195.0,195.0,105.0,0.0,510.0,25.0,25.0,65.0,65.0,130.0,125.0,35.0,35.0,65.0,65.0,70.0,70.0,195.0,195.0,130.0,130.0,390.0,395.0,390.0,395.0,510.0,505.0,505.0,505.0,505.0,0.0,510.0,245.0,245.0,245.0,505.0,235.0,285.0,205.0,390.0,285.0,395.0,465.0,505.0,505.0,235.0,195.0,195.0,90.0,505.0,85.0,15.0,0.0,200.0,395.0,390.0,15.0,195.0,195.0,195.0,195.0,195.0,195.0,505.0,505.0,395.0,285.0,105.0,205.0,395.0,505.0,140.0,10.0,60.0,5.0,0.0,40.0,16.3,310.0,90.0
Fort Liard,,10.5,15.8,66.7,0.0,0.0,100.0,125.0,18.0,35.0,45.0,16.0,20.0,35.0,0.0,30.0,0.0,305.0,275.0,19.0,0.0,25.0,25.0,25.0,0.0,10.0,40.0,30.0,20.0,25.0,25.0,30.0,35.0,0.0,0.0,0.0,35.0,30.0,30.0,35.0,30.0,25.0,25.0,25.0,65.0,20.0,50.0,10.0,15.0,15.0,10.0,5.0,10.0,10.0,10.0,5.0,0.0,145.0,72000.0,46000.0,84000.0,37.1,40400.0,72000.0,33000.0,44400.0,72000.0,30000.0,8000.0,8000.0,2.7,80000.0,52000.0,92000.0,100.0,100.0,80.0,140.0,140.0,63.0,3.0,38.9,0.284,0.564,0.319,85.0,25.0,30.0,45.0,25.0,75.0,40.0,25.0,170.0,75.0,20.0,20.0,63200.0,30200.0,73500.0,35.6,25200.0,70000.0,23800.0,32400.0,67000.0,24000.0,7400.0,6280.0,67500.0,31000.0,78500.0,5.0,0.0,195.0,125.0,125.0,320.0,325.0,355.0,355.0,215.0,215.0,195.0,190.0,70.0,55.0,70.0,60.0,35.0,35.0,50.0,50.0,310.0,315.0,355.0,355.0,230.0,230.0,215.0,215.0,460.0,320.0,325.0,355.0,355.0,20.0,5.0,110.0,100.0,30.0,50.0,3.8,6.9,-6.4,500.0,468.0,10.0,15.0,460.0,10.0,355.0,0.0,465.0,465.0,165.0,125.0,465.0,105.0,140.0,100.0,90.0,125.0,355.0,360.0,360.0,465.0,465.0,460.0,360.0,235.0,170.0,170.0,170.0,80.0,0.0,465.0,20.0,20.0,65.0,65.0,125.0,120.0,30.0,35.0,50.0,45.0,50.0,55.0,170.0,170.0,120.0,125.0,360.0,360.0,360.0,360.0,460.0,460.0,465.0,460.0,465.0,0.0,460.0,165.0,165.0,165.0,465.0,165.0,240.0,140.0,355.0,240.0,365.0,425.0,465.0,460.0,165.0,170.0,170.0,95.0,460.0,60.0,0.0,0.0,140.0,360.0,355.0,10.0,170.0,170.0,170.0,170.0,170.0,170.0,460.0,460.0,360.0,240.0,75.0,140.0,355.0,460.0,130.0,10.0,55.0,0.0,0.0,25.0,14.7,195.0,165.0
Fort McPherson,,0.0,30.0,16.7,6.7,10.0,135.0,155.0,28.0,40.0,50.0,40.0,30.0,45.0,0.0,35.0,10.0,415.0,400.0,15.6,0.0,45.0,50.0,40.0,10.0,0.0,50.0,50.0,30.0,60.0,25.0,30.0,45.0,0.0,0.0,0.0,50.0,45.0,50.0,70.0,45.0,40.0,30.0,40.0,95.0,20.0,65.0,25.0,15.0,20.0,10.0,5.0,5.0,10.0,15.0,5.0,0.0,230.0,78000.0,42000.0,96000.0,38.1,38800.0,74000.0,25200.0,42000.0,77000.0,28000.0,9600.0,8400.0,2.5,88000.0,47000.0,108000.0,100.0,100.0,75.0,205.0,225.0,66.0,2.6,40.2,0.293,0.526,0.327,95.0,50.0,70.0,70.0,60.0,75.0,25.0,65.0,240.0,70.0,60.0,10.0,66500.0,29000.0,84000.0,35.6,23200.0,70000.0,18000.0,24800.0,76000.0,17400.0,9800.0,6280.0,70500.0,29000.0,92000.0,20.0,5.0,270.0,185.0,180.0,490.0,490.0,510.0,505.0,365.0,365.0,350.0,350.0,125.0,120.0,135.0,115.0,75.0,80.0,70.0,70.0,465.0,465.0,505.0,505.0,385.0,385.0,385.0,385.0,650.0,490.0,490.0,510.0,505.0,10.0,10.0,130.0,150.0,55.0,85.0,4.2,12.0,-7.6,700.0,647.0,10.0,30.0,650.0,10.0,510.0,10.0,645.0,650.0,285.0,175.0,645.0,175.0,195.0,100.0,115.0,160.0,510.0,510.0,510.0,645.0,650.0,650.0,510.0,340.0,255.0,255.0,255.0,165.0,0.0,645.0,25.0,25.0,70.0,65.0,165.0,165.0,65.0,70.0,85.0,85.0,95.0,95.0,255.0,255.0,170.0,170.0,510.0,510.0,510.0,510.0,645.0,650.0,650.0,645.0,650.0,0.0,645.0,245.0,245.0,245.0,650.0,285.0,340.0,195.0,510.0,340.0,510.0,610.0,650.0,650.0,285.0,255.0,255.0,100.0,650.0,130.0,10.0,0.0,205.0,510.0,510.0,10.0,255.0,255.0,255.0,255.0,255.0,255.0,650.0,650.0,510.0,345.0,150.0,195.0,510.0,650.0,175.0,0.0,75.0,10.0,0.0,35.0,14.6,355.0,160.0
Fort Providence,,8.3,33.3,57.1,7.1,10.0,75.0,100.0,18.0,30.0,30.0,20.0,35.0,30.0,0.0,35.0,10.0,440.0,415.0,6.4,0.0,35.0,50.0,30.0,10.0,10.0,50.0,35.0,35.0,45.0,20.0,50.0,60.0,0.0,10.0,0.0,20.0,60.0,60.0,65.0,70.0,45.0,50.0,45.0,100.0,8.0,75.0,20.0,15.0,15.0,15.0,10.0,5.0,5.0,10.0,0.0,0.0,265.0,90000.0,56000.0,103000.0,42.5,43200.0,69000.0,33500.0,44600.0,75000.0,30800.0,8800.0,8400.0,2.4,102000.0,66000.0,116000.0,100.0,100.0,115.0,240.0,245.0,60.0,2.7,44.4,0.288,0.564,0.324,45.0,40.0,35.0,65.0,75.0,75.0,95.0,50.0,300.0,70.0,70.0,35.0,79000.0,37200.0,89000.0,45.6,25200.0,60000.0,23000.0,23600.0,72500.0,18600.0,7400.0,6450.0,86000.0,39200.0,96000.0,10.0,0.0,240.0,325.0,325.0,505.0,505.0,540.0,540.0,365.0,365.0,350.0,355.0,125.0,110.0,130.0,120.0,95.0,95.0,85.0,85.0,495.0,490.0,540.0,540.0,385.0,385.0,375.0,380.0,615.0,505.0,505.0,540.0,540.0,35.0,10.0,155.0,130.0,45.0,75.0,3.7,2.4,-11.1,695.0,618.0,10.0,30.0,620.0,10.0,545.0,15.0,620.0,615.0,295.0,185.0,620.0,135.0,230.0,100.0,75.0,105.0,545.0,545.0,545.0,615.0,615.0,615.0,540.0,365.0,255.0,255.0,255.0,105.0,0.0,620.0,50.0,55.0,75.0,70.0,180.0,185.0,50.0,50.0,75.0,70.0,80.0,80.0,255.0,255.0,185.0,185.0,540.0,545.0,540.0,545.0,620.0,615.0,615.0,615.0,615.0,0.0,620.0,300.0,300.0,300.0,615.0,295.0,370.0,230.0,540.0,370.0,545.0,590.0,615.0,615.0,295.0,255.0,255.0,120.0,615.0,110.0,15.0,0.0,240.0,540.0,540.0,10.0,255.0,255.0,255.0,255.0,255.0,255.0,615.0,620.0,545.0,365.0,140.0,230.0,545.0,615.0,180.0,15.0,95.0,10.0,0.0,60.0,20.0,355.0,190.0
Fort Resolution,,0.0,25.0,55.6,0.0,0.0,100.0,115.0,24.0,35.0,40.0,40.0,15.0,25.0,0.0,25.0,10.0,260.0,240.0,11.0,0.0,30.0,15.0,25.0,10.0,0.0,35.0,15.0,10.0,45.0,10.0,35.0,35.0,0.0,0.0,0.0,30.0,30.0,40.0,40.0,35.0,30.0,15.0,20.0,55.0,8.0,45.0,10.0,20.0,15.0,0.0,5.0,0.0,5.0,10.0,5.0,0.0,165.0,81000.0,50000.0,102000.0,38.0,43200.0,65000.0,30000.0,44400.0,70000.0,26000.0,10400.0,8400.0,2.4,92000.0,58000.0,116000.0,100.0,100.0,50.0,140.0,150.0,62.0,3.6,45.2,0.285,0.506,0.316,50.0,35.0,35.0,70.0,45.0,40.0,15.0,45.0,170.0,35.0,35.0,10.0,69000.0,37200.0,90000.0,36.0,25800.0,55200.0,19000.0,25400.0,59200.0,20400.0,10400.0,7700.0,74500.0,40000.0,96000.0,15.0,5.0,140.0,160.0,160.0,290.0,290.0,310.0,305.0,225.0,225.0,215.0,210.0,95.0,70.0,90.0,65.0,65.0,65.0,60.0,65.0,270.0,270.0,310.0,305.0,240.0,235.0,235.0,235.0,410.0,290.0,290.0,310.0,305.0,10.0,5.0,75.0,125.0,25.0,70.0,4.1,0.9,-12.3,470.0,412.0,10.0,10.0,410.0,0.0,310.0,10.0,410.0,415.0,190.0,105.0,405.0,115.0,140.0,100.0,80.0,115.0,310.0,310.0,310.0,405.0,415.0,405.0,310.0,200.0,170.0,170.0,165.0,80.0,0.0,405.0,15.0,15.0,45.0,45.0,95.0,95.0,35.0,35.0,70.0,70.0,75.0,75.0,170.0,165.0,100.0,95.0,305.0,310.0,305.0,310.0,410.0,405.0,410.0,405.0,415.0,0.0,405.0,170.0,170.0,170.0,415.0,190.0,200.0,140.0,310.0,200.0,315.0,370.0,415.0,415.0,190.0,165.0,170.0,80.0,410.0,90.0,10.0,0.0,140.0,310.0,310.0,0.0,165.0,170.0,165.0,165.0,165.0,165.0,405.0,405.0,310.0,205.0,90.0,140.0,310.0,405.0,100.0,0.0,40.0,5.0,0.0,25.0,14.7,210.0,95.0
Fort Simpson,,8.7,43.5,36.4,11.4,10.0,160.0,195.0,5.0,50.0,60.0,,105.0,60.0,0.0,60.0,20.0,790.0,750.0,5.2,30.0,80.0,80.0,80.0,20.0,25.0,100.0,65.0,65.0,105.0,80.0,60.0,70.0,10.0,0.0,0.0,55.0,85.0,100.0,130.0,125.0,75.0,60.0,65.0,150.0,9.0,150.0,50.0,30.0,20.0,15.0,10.0,0.0,5.0,10.0,0.0,0.0,570.0,109200.0,54000.0,131500.0,40.3,57600.0,79200.0,42000.0,62200.0,84400.0,41200.0,9400.0,7800.0,2.4,128000.0,62000.0,154500.0,100.0,100.0,200.0,535.0,525.0,74.4,1.2,58.2,0.283,0.412,0.313,65.0,120.0,100.0,80.0,175.0,60.0,85.0,70.0,605.0,90.0,245.0,30.0,99000.0,44000.0,123000.0,40.0,47200.0,77000.0,27000.0,54000.0,84000.0,31000.0,7700.0,6280.0,111000.0,47200.0,142000.0,25.0,0.0,315.0,325.0,325.0,870.0,870.0,920.0,920.0,690.0,695.0,695.0,690.0,370.0,155.0,380.0,170.0,120.0,120.0,90.0,95.0,810.0,810.0,920.0,920.0,745.0,745.0,755.0,755.0,1080.0,870.0,870.0,920.0,920.0,30.0,20.0,250.0,270.0,50.0,130.0,3.9,14.1,-8.5,1202.0,1100.0,45.0,25.0,1080.0,35.0,925.0,40.0,1100.0,1085.0,620.0,300.0,1080.0,420.0,490.0,100.0,150.0,200.0,925.0,925.0,925.0,1080.0,1085.0,1080.0,920.0,650.0,450.0,450.0,455.0,185.0,0.0,1080.0,105.0,110.0,120.0,120.0,310.0,315.0,60.0,60.0,130.0,130.0,165.0,165.0,455.0,455.0,325.0,320.0,920.0,925.0,920.0,925.0,1085.0,1080.0,1085.0,1080.0,1085.0,0.0,1080.0,605.0,605.0,605.0,1085.0,620.0,645.0,490.0,920.0,645.0,940.0,1035.0,1085.0,1085.0,620.0,445.0,450.0,230.0,1085.0,240.0,40.0,15.0,535.0,920.0,920.0,35.0,450.0,455.0,450.0,450.0,450.0,450.0,1080.0,1080.0,925.0,650.0,220.0,490.0,925.0,1080.0,300.0,30.0,160.0,35.0,0.0,65.0,10.7,690.0,230.0
Fort Smith,,7.3,50.0,30.3,12.1,20.0,445.0,525.0,12.8,155.0,185.0,15.0,190.0,150.0,0.0,125.0,15.0,1480.0,1385.0,5.2,60.0,110.0,165.0,155.0,45.0,75.0,180.0,150.0,140.0,300.0,135.0,145.0,180.0,10.0,35.0,20.0,135.0,150.0,155.0,185.0,215.0,160.0,115.0,130.0,330.0,5.0,220.0,95.0,60.0,60.0,45.0,30.0,15.0,25.0,15.0,10.0,5.0,1180.0,115800.0,63200.0,134000.0,39.0,63900.0,87800.0,43400.0,65800.0,93000.0,36800.0,8500.0,9500.0,2.5,135600.0,74000.0,156800.0,100.0,100.0,420.0,1120.0,1100.0,73.8,1.5,63.3,0.275,0.391,0.304,145.0,270.0,135.0,125.0,350.0,100.0,175.0,215.0,1210.0,130.0,565.0,30.0,104000.0,56400.0,123000.0,38.4,56400.0,90000.0,30400.0,57600.0,93000.0,27400.0,6850.0,7450.0,120000.0,65500.0,141000.0,35.0,10.0,555.0,450.0,455.0,1685.0,1685.0,1755.0,1755.0,1390.0,1395.0,1340.0,1340.0,690.0,455.0,700.0,460.0,200.0,195.0,190.0,190.0,1545.0,1545.0,1750.0,1750.0,1540.0,1540.0,1530.0,1530.0,2210.0,1685.0,1685.0,1755.0,1755.0,30.0,30.0,545.0,470.0,125.0,225.0,4.1,24.6,-11.6,2542.0,2248.0,80.0,45.0,2210.0,75.0,1765.0,105.0,2250.0,2210.0,1315.0,645.0,2210.0,965.0,1070.0,100.0,375.0,540.0,1765.0,1765.0,1765.0,2210.0,2210.0,2210.0,1770.0,1235.0,880.0,880.0,880.0,260.0,0.0,2210.0,215.0,215.0,240.0,235.0,625.0,630.0,155.0,160.0,225.0,225.0,310.0,310.0,880.0,885.0,655.0,655.0,1770.0,1770.0,1770.0,1770.0,2210.0,2210.0,2210.0,2210.0,2210.0,0.0,2210.0,1210.0,1210.0,1210.0,2210.0,1315.0,1230.0,1070.0,1770.0,1230.0,1805.0,2055.0,2210.0,2210.0,1315.0,865.0,880.0,550.0,2210.0,375.0,105.0,20.0,1120.0,1770.0,1770.0,75.0,880.0,880.0,880.0,880.0,880.0,880.0,2210.0,2210.0,1765.0,1230.0,330.0,1070.0,1765.0,2210.0,645.0,110.0,370.0,40.0,15.0,90.0,7.4,1340.0,430.0
Gamètì,,0.0,16.7,50.0,0.0,0.0,45.0,55.0,,15.0,15.0,,15.0,15.0,0.0,15.0,0.0,170.0,160.0,2.5,0.0,20.0,20.0,10.0,0.0,0.0,20.0,10.0,15.0,25.0,20.0,15.0,25.0,0.0,0.0,0.0,15.0,25.0,10.0,20.0,25.0,10.0,15.0,10.0,35.0,,25.0,10.0,5.0,10.0,10.0,5.0,0.0,0.0,0.0,0.0,0.0,110.0,106000.0,70000.0,116000.0,37.6,42000.0,70000.0,28000.0,39600.0,72000.0,20000.0,13000.0,7600.0,3.0,122000.0,80000.0,132000.0,100.0,100.0,40.0,95.0,110.0,70.0,2.4,46.3,0.234,0.404,0.258,10.0,35.0,25.0,20.0,15.0,0.0,25.0,55.0,110.0,30.0,30.0,0.0,105000.0,,110000.0,35.2,24800.0,61200.0,23400.0,24800.0,65000.0,17200.0,11700.0,6280.0,116000.0,,118000.0,10.0,0.0,95.0,110.0,110.0,200.0,205.0,205.0,205.0,185.0,180.0,175.0,175.0,75.0,40.0,75.0,35.0,25.0,25.0,30.0,30.0,195.0,195.0,205.0,205.0,185.0,185.0,175.0,180.0,250.0,200.0,205.0,205.0,205.0,0.0,0.0,50.0,30.0,15.0,15.0,3.2,27.9,-9.4,278.0,252.0,0.0,20.0,250.0,0.0,205.0,10.0,250.0,255.0,125.0,70.0,250.0,85.0,100.0,100.0,40.0,55.0,205.0,205.0,205.0,250.0,255.0,250.0,205.0,135.0,80.0,80.0,80.0,40.0,0.0,250.0,5.0,10.0,40.0,40.0,65.0,60.0,15.0,15.0,15.0,15.0,15.0,20.0,80.0,85.0,60.0,65.0,205.0,205.0,205.0,205.0,250.0,250.0,250.0,250.0,255.0,0.0,250.0,115.0,115.0,115.0,255.0,125.0,130.0,100.0,205.0,130.0,205.0,240.0,255.0,250.0,125.0,85.0,80.0,60.0,250.0,25.0,10.0,0.0,95.0,205.0,205.0,0.0,85.0,80.0,85.0,85.0,85.0,85.0,250.0,250.0,205.0,130.0,20.0,100.0,205.0,250.0,75.0,0.0,35.0,5.0,0.0,15.0,13.6,175.0,30.0
Hay River,,8.9,57.0,33.8,13.0,20.0,555.0,690.0,8.0,165.0,190.0,7.0,355.0,210.0,0.0,200.0,30.0,2135.0,1980.0,5.1,100.0,160.0,175.0,155.0,125.0,135.0,235.0,240.0,235.0,275.0,210.0,195.0,215.0,20.0,25.0,40.0,185.0,200.0,270.0,325.0,360.0,240.0,180.0,195.0,475.0,11.2,380.0,120.0,90.0,95.0,50.0,50.0,25.0,40.0,40.0,10.0,5.0,1740.0,121000.0,61200.0,145200.0,40.4,66800.0,90400.0,46300.0,69000.0,96000.0,41200.0,9100.0,9100.0,2.5,143600.0,71600.0,172800.0,100.0,100.0,645.0,1655.0,1565.0,75.8,1.3,64.5,0.271,0.37,0.296,160.0,360.0,140.0,150.0,595.0,195.0,270.0,210.0,1770.0,140.0,905.0,30.0,110000.0,53200.0,140000.0,40.4,58800.0,88000.0,30200.0,60800.0,95000.0,25000.0,8100.0,6850.0,129000.0,59200.0,164000.0,25.0,10.0,800.0,610.0,610.0,2465.0,2465.0,2545.0,2545.0,2045.0,2040.0,2005.0,2005.0,1050.0,680.0,1060.0,705.0,220.0,220.0,260.0,260.0,2260.0,2260.0,2540.0,2535.0,2280.0,2280.0,2260.0,2265.0,3120.0,2465.0,2465.0,2545.0,2545.0,30.0,45.0,775.0,680.0,130.0,365.0,4.2,25.9,-10.2,3528.0,3169.0,175.0,75.0,3120.0,195.0,2565.0,245.0,3170.0,3130.0,1945.0,885.0,3120.0,1410.0,1555.0,100.0,515.0,695.0,2565.0,2565.0,2565.0,3120.0,3130.0,3120.0,2565.0,1755.0,1275.0,1275.0,1275.0,365.0,0.0,3120.0,310.0,305.0,390.0,395.0,870.0,870.0,150.0,150.0,365.0,365.0,480.0,480.0,1275.0,1275.0,905.0,910.0,2565.0,2565.0,2565.0,2565.0,3120.0,3120.0,3120.0,3120.0,3130.0,0.0,3120.0,1770.0,1770.0,1770.0,3130.0,1945.0,1755.0,1555.0,2565.0,1755.0,2615.0,2955.0,3130.0,3130.0,1945.0,1260.0,1275.0,895.0,3120.0,555.0,245.0,45.0,1655.0,2565.0,2565.0,195.0,1270.0,1275.0,1270.0,1270.0,1270.0,1270.0,3120.0,3120.0,2565.0,1755.0,385.0,1555.0,2565.0,3120.0,880.0,285.0,525.0,50.0,20.0,115.0,6.5,2005.0,560.0
Hay River Dene 1,0.0,,,,,0.0,60.0,75.0,20.0,20.0,20.0,,10.0,25.0,0.0,15.0,0.0,160.0,145.0,17.0,0.0,20.0,20.0,15.0,0.0,0.0,20.0,15.0,15.0,15.0,20.0,5.0,15.0,0.0,10.0,0.0,20.0,15.0,15.0,15.0,20.0,10.0,15.0,15.0,40.0,28.0,20.0,15.0,5.0,10.0,0.0,5.0,0.0,0.0,10.0,0.0,0.0,90.0,80000.0,32000.0,100000.0,36.0,24800.0,50000.0,19000.0,26000.0,52000.0,19000.0,11000.0,7600.0,2.8,84000.0,34000.0,104000.0,100.0,100.0,30.0,80.0,80.0,46.0,2.8,41.0,0.296,0.588,0.306,35.0,30.0,15.0,25.0,30.0,50.0,15.0,10.0,110.0,30.0,10.0,15.0,60400.0,26400.0,85000.0,32.4,10500.0,47600.0,6550.0,10200.0,48000.0,7550.0,10900.0,6850.0,61200.0,26400.0,88000.0,10.0,0.0,85.0,115.0,115.0,180.0,180.0,190.0,190.0,145.0,145.0,130.0,125.0,40.0,45.0,40.0,45.0,20.0,25.0,25.0,25.0,165.0,170.0,190.0,190.0,145.0,150.0,135.0,135.0,255.0,180.0,180.0,190.0,190.0,15.0,5.0,50.0,50.0,15.0,25.0,3.5,1.9,-16.2,309.0,259.0,10.0,10.0,255.0,,190.0,0.0,260.0,255.0,115.0,70.0,,55.0,75.0,100.0,55.0,70.0,190.0,195.0,195.0,255.0,255.0,255.0,195.0,120.0,90.0,90.0,90.0,50.0,45.0,,10.0,10.0,25.0,25.0,65.0,65.0,25.0,25.0,25.0,30.0,30.0,30.0,90.0,90.0,60.0,60.0,195.0,195.0,195.0,195.0,255.0,255.0,255.0,255.0,255.0,0.0,255.0,105.0,105.0,105.0,255.0,115.0,120.0,75.0,190.0,120.0,195.0,240.0,255.0,255.0,115.0,0.0,0.0,0.0,255.0,40.0,,,80.0,195.0,190.0,,90.0,90.0,90.0,90.0,90.0,90.0,255.0,260.0,195.0,120.0,0.0,75.0,190.0,255.0,70.0,0.0,30.0,0.0,0.0,30.0,27.3,130.0,65.0
Inuvik,,9.5,67.9,23.1,11.9,40.0,720.0,815.0,10.6,260.0,310.0,15.6,325.0,230.0,0.0,175.0,35.0,2120.0,1975.0,7.8,115.0,180.0,260.0,255.0,150.0,155.0,250.0,255.0,285.0,360.0,270.0,175.0,230.0,20.0,25.0,35.0,230.0,180.0,200.0,235.0,295.0,170.0,115.0,140.0,300.0,12.0,310.0,80.0,50.0,40.0,20.0,25.0,15.0,20.0,20.0,5.0,0.0,1670.0,115200.0,68000.0,138800.0,35.3,69400.0,91000.0,42600.0,74500.0,100200.0,40000.0,8700.0,8900.0,2.5,138800.0,80800.0,167200.0,100.0,100.0,530.0,1575.0,1570.0,82.6,1.4,67.3,0.296,0.411,0.324,225.0,400.0,205.0,170.0,445.0,185.0,230.0,190.0,1725.0,195.0,800.0,55.0,101000.0,65500.0,129000.0,34.8,62400.0,93000.0,24000.0,69500.0,101000.0,24800.0,7600.0,6850.0,119000.0,75500.0,150000.0,40.0,10.0,615.0,575.0,575.0,2245.0,2240.0,2325.0,2330.0,1885.0,1885.0,1880.0,1880.0,1105.0,490.0,1110.0,530.0,250.0,250.0,275.0,280.0,2035.0,2035.0,2320.0,2320.0,2005.0,2005.0,2005.0,2005.0,3055.0,2245.0,2240.0,2325.0,2330.0,55.0,55.0,665.0,715.0,140.0,405.0,4.6,50.0,-3.3,3243.0,3137.0,100.0,55.0,3055.0,235.0,2335.0,265.0,3135.0,3070.0,1845.0,805.0,3055.0,1360.0,1500.0,100.0,565.0,835.0,2335.0,2335.0,2335.0,3055.0,3070.0,3055.0,2340.0,1735.0,1225.0,1225.0,1220.0,405.0,0.0,3055.0,200.0,195.0,380.0,385.0,795.0,795.0,175.0,175.0,405.0,405.0,490.0,490.0,1220.0,1220.0,820.0,820.0,2340.0,2335.0,2340.0,2335.0,3055.0,3055.0,3055.0,3055.0,3070.0,0.0,3055.0,1725.0,1725.0,1725.0,3070.0,1845.0,1735.0,1500.0,2340.0,1735.0,2420.0,2795.0,3070.0,3070.0,1845.0,1200.0,1220.0,420.0,3055.0,595.0,265.0,50.0,1575.0,2340.0,2340.0,235.0,1220.0,1220.0,1220.0,1220.0,1220.0,1220.0,3055.0,3055.0,2335.0,1730.0,800.0,1500.0,2335.0,3055.0,805.0,300.0,455.0,45.0,20.0,150.0,8.7,1880.0,455.0
Jean Marie River,,,,0.0,,0.0,10.0,,,5.0,,,10.0,0.0,0.0,5.0,0.0,40.0,,,0.0,5.0,5.0,0.0,0.0,0.0,5.0,5.0,10.0,0.0,5.0,5.0,10.0,0.0,0.0,0.0,5.0,0.0,10.0,10.0,0.0,5.0,10.0,10.0,15.0,,0.0,0.0,0.0,10.0,0.0,0.0,0.0,0.0,0.0,0.0,0.0,30.0,,,,41.0,,,,,,,,,1.9,,,,,,10.0,25.0,30.0,,,50.0,,,,,,,,,,,,30.0,,,0.0,,,,42.4,,,,,,,,,,,,0.0,0.0,25.0,,,,,,,,,,,,,,,,,,,,,,,,,,,60.0,,,,,0.0,0.0,10.0,30.0,5.0,15.0,,1.7,-18.2,77.0,63.0,0.0,0.0,,0.0,,0.0,60.0,60.0,35.0,15.0,60.0,25.0,20.0,100.0,10.0,10.0,,55.0,55.0,65.0,60.0,65.0,50.0,30.0,,,30.0,10.0,0.0,60.0,,,,,,,,,,,20.0,20.0,,,,,55.0,50.0,55.0,50.0,60.0,65.0,,65.0,60.0,,,30.0,30.0,30.0,60.0,35.0,30.0,20.0,50.0,30.0,50.0,60.0,60.0,60.0,35.0,,,0.0,60.0,20.0,0.0,0.0,25.0,50.0,50.0,0.0,35.0,35.0,35.0,35.0,35.0,35.0,65.0,65.0,55.0,30.0,25.0,20.0,,65.0,15.0,0.0,0.0,0.0,0.0,0.0,0.0,,
Kakisa,,,,,,,,,,,,,,,,,,,,,,,,,,,,,,,,,,,,,,,,,,,,,,,,,,,,,,,,,,,,,,,,,,,,,,,,,,,,,,,,,,,,,,,,,,,,,,,,,,,,,,,,,,,,,,,,,,,,,,,,,,,,,,,,,,,,,,,,,,,,,,,,,,,,,,,,,,0.4,8.3,36.0,39.0,,,,,,,,,,,,,,,,,,,,,,,,,,,,,,,,,,,,,,,,,,,,,,,,,,,,,,,,,,,,,,,,,,,,,,,,,,,,,,,,,,,,,,,,,,,,,,,,,,,,,,,,,
Lutselk'e,,0.0,55.6,22.2,0.0,0.0,55.0,65.0,,35.0,35.0,,20.0,15.0,0.0,30.0,0.0,260.0,250.0,,10.0,15.0,40.0,35.0,10.0,0.0,30.0,25.0,25.0,15.0,25.0,35.0,35.0,0.0,0.0,0.0,5.0,30.0,25.0,15.0,40.0,5.0,0.0,0.0,15.0,,50.0,5.0,15.0,10.0,15.0,0.0,0.0,0.0,25.0,0.0,0.0,180.0,106000.0,52000.0,120000.0,35.2,55200.0,76000.0,28000.0,62000.0,84000.0,32000.0,6800.0,6000.0,2.6,120000.0,56000.0,138000.0,100.0,100.0,75.0,165.0,170.0,80.0,1.6,58.9,0.197,0.346,0.225,0.0,20.0,35.0,25.0,85.0,0.0,15.0,65.0,190.0,20.0,50.0,10.0,96000.0,48000.0,108000.0,34.0,48400.0,69000.0,26000.0,50000.0,76500.0,18600.0,4760.0,5400.0,105000.0,50000.0,116000.0,10.0,0.0,90.0,130.0,130.0,265.0,260.0,275.0,275.0,220.0,215.0,200.0,205.0,120.0,75.0,120.0,60.0,40.0,40.0,40.0,40.0,225.0,225.0,275.0,275.0,225.0,220.0,205.0,210.0,330.0,265.0,260.0,275.0,275.0,10.0,10.0,85.0,75.0,10.0,25.0,2.6,7.8,9.9,303.0,333.0,10.0,0.0,335.0,0.0,280.0,10.0,335.0,330.0,210.0,110.0,330.0,150.0,155.0,100.0,35.0,65.0,280.0,275.0,275.0,335.0,330.0,335.0,280.0,220.0,130.0,130.0,125.0,35.0,0.0,330.0,25.0,25.0,55.0,55.0,100.0,100.0,10.0,10.0,25.0,30.0,30.0,30.0,130.0,125.0,100.0,100.0,275.0,275.0,275.0,275.0,330.0,330.0,330.0,335.0,330.0,0.0,335.0,185.0,185.0,185.0,330.0,210.0,215.0,155.0,280.0,215.0,280.0,300.0,330.0,330.0,210.0,130.0,130.0,90.0,330.0,35.0,10.0,10.0,165.0,280.0,280.0,0.0,125.0,130.0,125.0,125.0,125.0,125.0,330.0,330.0,275.0,215.0,45.0,155.0,280.0,330.0,105.0,0.0,55.0,0.0,0.0,25.0,13.2,200.0,75.0
Nahanni Butte,,,0.0,100.0,,10.0,10.0,,,5.0,,,0.0,5.0,0.0,0.0,0.0,60.0,,,0.0,0.0,10.0,10.0,0.0,0.0,15.0,0.0,10.0,0.0,10.0,5.0,0.0,0.0,0.0,0.0,5.0,5.0,10.0,10.0,10.0,5.0,5.0,0.0,10.0,,10.0,0.0,0.0,0.0,10.0,0.0,0.0,0.0,0.0,0.0,0.0,40.0,,,,40.0,,,,,,,,,2.5,,,,,,15.0,35.0,40.0,,,50.0,,,,,,,,,,,,55.0,,,15.0,,,,36.8,,,,,,,,,,,,5.0,0.0,15.0,,,,,,,,,,,,,,,,,,,,,,,,,,,85.0,,,,,15.0,0.0,15.0,20.0,10.0,10.0,,1.0,-6.9,87.0,81.0,0.0,0.0,,0.0,,0.0,80.0,80.0,40.0,25.0,80.0,25.0,35.0,100.0,5.0,15.0,,70.0,70.0,80.0,80.0,80.0,70.0,55.0,,,30.0,15.0,0.0,80.0,,,,,,,,,,,10.0,10.0,,,,,70.0,70.0,70.0,70.0,80.0,80.0,,80.0,80.0,,,60.0,60.0,60.0,80.0,40.0,55.0,35.0,65.0,55.0,70.0,75.0,80.0,85.0,40.0,,,25.0,80.0,20.0,0.0,0.0,35.0,70.0,65.0,0.0,35.0,35.0,35.0,35.0,35.0,35.0,80.0,80.0,70.0,55.0,10.0,35.0,,80.0,25.0,0.0,10.0,0.0,0.0,20.0,36.4,,
Norman Wells,,13.0,69.6,36.7,6.7,0.0,140.0,180.0,,40.0,55.0,,60.0,40.0,0.0,70.0,15.0,485.0,450.0,2.4,20.0,40.0,45.0,60.0,30.0,20.0,75.0,50.0,55.0,90.0,45.0,45.0,50.0,0.0,10.0,20.0,60.0,30.0,60.0,55.0,60.0,30.0,20.0,30.0,45.0,12.0,105.0,20.0,10.0,0.0,20.0,0.0,0.0,0.0,15.0,0.0,0.0,405.0,138000.0,75000.0,166000.0,33.8,85200.0,115000.0,53000.0,84000.0,124000.0,48000.0,8800.0,5200.0,2.5,170000.0,94000.0,204000.0,100.0,100.0,135.0,395.0,380.0,89.0,0.4,74.5,0.239,0.302,0.264,20.0,45.0,40.0,35.0,125.0,25.0,35.0,35.0,415.0,15.0,290.0,10.0,122000.0,76500.0,159000.0,32.4,77000.0,110000.0,42000.0,82000.0,117000.0,29600.0,5120.0,4640.0,160000.0,92000.0,196000.0,0.0,5.0,120.0,90.0,90.0,495.0,495.0,530.0,530.0,455.0,455.0,485.0,485.0,250.0,140.0,250.0,150.0,40.0,40.0,35.0,40.0,425.0,430.0,525.0,530.0,475.0,480.0,510.0,510.0,670.0,495.0,495.0,530.0,530.0,10.0,15.0,155.0,175.0,20.0,85.0,3.0,8.2,-13.5,778.0,673.0,25.0,10.0,675.0,70.0,530.0,75.0,675.0,670.0,445.0,180.0,675.0,355.0,375.0,100.0,135.0,185.0,530.0,530.0,530.0,675.0,670.0,675.0,530.0,380.0,270.0,270.0,270.0,80.0,0.0,675.0,60.0,60.0,80.0,85.0,180.0,180.0,30.0,30.0,85.0,85.0,110.0,105.0,270.0,270.0,185.0,185.0,530.0,530.0,530.0,530.0,675.0,670.0,670.0,675.0,670.0,0.0,675.0,415.0,415.0,415.0,670.0,445.0,380.0,375.0,535.0,380.0,535.0,635.0,670.0,670.0,445.0,270.0,270.0,115.0,670.0,130.0,75.0,25.0,395.0,530.0,535.0,70.0,270.0,270.0,270.0,270.0,270.0,270.0,670.0,670.0,530.0,380.0,150.0,375.0,530.0,670.0,175.0,65.0,85.0,10.0,10.0,20.0,4.8,485.0,45.0
Paulatuk,,0.0,0.0,58.3,0.0,0.0,90.0,95.0,14.0,40.0,45.0,,15.0,20.0,0.0,10.0,0.0,175.0,170.0,7.0,0.0,20.0,30.0,25.0,10.0,0.0,35.0,20.0,0.0,35.0,5.0,15.0,15.0,0.0,0.0,0.0,30.0,25.0,15.0,20.0,25.0,15.0,10.0,10.0,25.0,,25.0,5.0,10.0,10.0,10.0,0.0,0.0,0.0,0.0,0.0,0.0,110.0,110000.0,70000.0,120000.0,31.9,38000.0,64000.0,16000.0,42800.0,72000.0,16000.0,7200.0,10000.0,3.6,126000.0,90000.0,136000.0,100.0,100.0,35.0,105.0,105.0,69.0,1.6,52.5,0.254,0.46,0.284,0.0,35.0,30.0,25.0,25.0,60.0,55.0,25.0,110.0,0.0,30.0,0.0,99000.0,,106000.0,29.8,20800.0,61200.0,4720.0,18600.0,69500.0,6080.0,7150.0,,107000.0,,123000.0,15.0,5.0,90.0,90.0,95.0,190.0,195.0,200.0,200.0,175.0,175.0,165.0,165.0,80.0,35.0,80.0,30.0,20.0,25.0,15.0,15.0,190.0,190.0,200.0,200.0,175.0,175.0,165.0,165.0,290.0,190.0,195.0,200.0,200.0,0.0,0.0,45.0,35.0,5.0,15.0,3.8,4.7,12.5,265.0,298.0,10.0,15.0,290.0,0.0,200.0,10.0,295.0,300.0,125.0,80.0,290.0,95.0,105.0,100.0,55.0,95.0,200.0,200.0,200.0,290.0,300.0,295.0,200.0,145.0,80.0,80.0,80.0,50.0,0.0,290.0,10.0,10.0,40.0,40.0,65.0,70.0,10.0,10.0,15.0,15.0,15.0,15.0,80.0,85.0,65.0,65.0,200.0,200.0,200.0,200.0,290.0,290.0,290.0,295.0,300.0,0.0,290.0,110.0,110.0,110.0,300.0,125.0,150.0,105.0,200.0,150.0,205.0,250.0,300.0,300.0,125.0,80.0,80.0,20.0,290.0,35.0,10.0,0.0,105.0,200.0,200.0,0.0,80.0,80.0,80.0,80.0,80.0,80.0,290.0,290.0,200.0,145.0,60.0,105.0,200.0,290.0,75.0,0.0,35.0,5.0,0.0,0.0,0.0,165.0,35.0
Region 1,,,,,,,,,,,,,,,,,,,,,,,,,,,,,,,,,,,,,,,,,,,,,,,,,,,,,,,,,,,,,,,,,,,,,,,,,,,,,,,,,,,,,,,,,,,,,,,,,,,,,,,,,,,,,,,,,,,,,,,,,,,,,,,,,,,,,,,,,,,,,,,,,,,,,,,,,,0.0,-100.0,5.0,0.0,,,,,,,,,,,,,,,,,,,,,,,,,,,,,,,,,,,,,,,,,,,,,,,,,,,,,,,,,,,,,,,,,,,,,,,,,,,,,,,,,,,,,,,,,,,,,,,,,,,,,,,,,
Region 2,,,,,,,,,,,,,,,,,,,,,,,,,,,,,,,,,,,,,,,,,,,,,,,,,,,,,,,,,,,,,,,,,,,,,,,,,,,,,,,,,,,,,,,,,,,,,,,,,,,,,,,,,,,,,,,,,,,,,,,,,,,,,,,,,,,,,,,,,,,,,,,,,,,,,,,,,,0.0,,0.0,0.0,,,,,,,,,,,,,,,,,,,,,,,,,,,,,,,,,,,,,,,,,,,,,,,,,,,,,,,,,,,,,,,,,,,,,,,,,,,,,,,,,,,,,,,,,,,,,,,,,,,,,,,,,
Region 3,,,,,,,,,,,,,,,,,,,,,,,,,,,,,,,,,,,,,,,,,,,,,,,,,,,,,,,,,,,,,,,,,,,,,,,,,,,,,,,,,,,,,,,,,,,,,,,,,,,,,,,,,,,,,,,,,,,,,,,,,,,,,,,,,,,,,,,,,,,,,,,,,,,,,,,,,,0.0,,0.0,0.0,,,,,,,,,,,,,,,,,,,,,,,,,,,,,,,,,,,,,,,,,,,,,,,,,,,,,,,,,,,,,,,,,,,,,,,,,,,,,,,,,,,,,,,,,,,,,,,,,,,,,,,,,
Region 4,,,,,,,,,,,,,,,,,,,,,,,,,,,,,,,,,,,,,,,,,,,,,,,,,,,,,,,,,,,,,,,,,,,,,,,,,,,,,,,,,,,,,,,,,,,,,,,,,,,,,,,,,,,,,,,,,,,,,,,,,,,,,,,,,,,,,,,,,,,,,,,,,,,,,,,,,,0.0,-36.2,47.0,30.0,,,,,,,,,,,,,,,,,,,,,,,,,,,,,,,,,,,,,,,,,,,,,,,,,,,,,,,,,,,,,,,,,,,,,,,,,,,,,,,,,,,,,,,,,,,,,,,,,,,,,,,,,
Region 5,,,,,,,,,,,,,,,,,,,,,,,,,,,,,,,,,,,,,,,,,,,,,,,,,,,,,,,,,,,,,,,,,,,,,,,,,,,,,,,,,,,,,,,,,,,,,,,,,,,,,,,,,,,,,,,,,,,,,,,,,,,,,,,,,,,,,,,,,,,,,,,,,,,,,,,,,,0.0,19.4,31.0,37.0,,,,,,,,,,,,,,,,,,,,,,,,,,,,,,,,,,,,,,,,,,,,,,,,,,,,,,,,,,,,,,,,,,,,,,,,,,,,,,,,,,,,,,,,,,,,,,,,,,,,,,,,,
Region 6,,8.3,41.7,0.0,0.0,10.0,25.0,35.0,,10.0,15.0,,30.0,5.0,0.0,5.0,10.0,200.0,190.0,4.0,10.0,10.0,5.0,15.0,0.0,0.0,20.0,5.0,10.0,30.0,10.0,20.0,25.0,0.0,10.0,10.0,15.0,25.0,45.0,50.0,15.0,40.0,20.0,25.0,45.0,,20.0,20.0,5.0,0.0,10.0,0.0,0.0,0.0,0.0,0.0,0.0,145.0,134000.0,68000.0,160000.0,48.2,86000.0,108000.0,64000.0,89000.0,114000.0,50000.0,8500.0,9000.0,2.1,164000.0,85000.0,200000.0,100.0,100.0,85.0,145.0,125.0,74.0,0.8,59.2,0.246,0.332,0.278,10.0,15.0,10.0,15.0,80.0,5.0,20.0,10.0,150.0,0.0,110.0,0.0,130000.0,57600.0,156000.0,54.0,74000.0,94000.0,43600.0,80000.0,94000.0,33600.0,6800.0,,159000.0,63600.0,190000.0,0.0,0.0,95.0,40.0,45.0,235.0,240.0,245.0,240.0,195.0,195.0,180.0,180.0,100.0,45.0,100.0,45.0,25.0,25.0,20.0,20.0,220.0,220.0,245.0,240.0,220.0,220.0,215.0,215.0,275.0,235.0,240.0,245.0,240.0,0.0,5.0,85.0,55.0,0.0,35.0,3.3,0.0,-9.6,302.0,273.0,25.0,0.0,275.0,0.0,245.0,15.0,275.0,275.0,165.0,90.0,275.0,110.0,130.0,100.0,20.0,35.0,245.0,245.0,245.0,275.0,275.0,270.0,245.0,180.0,130.0,130.0,135.0,35.0,0.0,275.0,65.0,65.0,25.0,25.0,90.0,90.0,0.0,0.0,35.0,40.0,40.0,45.0,130.0,135.0,90.0,95.0,245.0,245.0,245.0,245.0,275.0,270.0,275.0,270.0,275.0,0.0,275.0,145.0,145.0,145.0,275.0,165.0,180.0,130.0,245.0,180.0,245.0,265.0,275.0,275.0,165.0,130.0,130.0,120.0,275.0,50.0,15.0,0.0,140.0,245.0,245.0,0.0,130.0,130.0,130.0,130.0,130.0,130.0,270.0,270.0,245.0,185.0,10.0,130.0,245.0,270.0,90.0,10.0,70.0,5.0,0.0,0.0,0.0,180.0,65.0
Reliance,,,,,,,,,,,,,,,,,,,,,,,,,,,,,,,,,,,,,,,,,,,,,,,,,,,,,,,,,,,,,,,,,,,,,,,,,,,,,,,,,,,,,,,,,,,,,,,,,,,,,,,,,,,,,,,,,,,,,,,,,,,,,,,,,,,,,,,,,,,,,,,,,,,,,,,,,,0.0,,0.0,0.0,,,,,,,,,,,,,,,,,,,,,,,,,,,,,,,,,,,,,,,,,,,,,,,,,,,,,,,,,,,,,,,,,,,,,,,,,,,,,,,,,,,,,,,,,,,,,,,,,,,,,,,,,
Sachs Harbour,,,100.0,0.0,,10.0,20.0,,,10.0,,,20.0,0.0,0.0,5.0,0.0,70.0,,,0.0,5.0,5.0,0.0,0.0,0.0,5.0,10.0,10.0,10.0,10.0,5.0,10.0,0.0,0.0,0.0,10.0,10.0,10.0,10.0,10.0,5.0,5.0,0.0,10.0,,15.0,0.0,0.0,0.0,10.0,0.0,0.0,5.0,0.0,5.0,0.0,55.0,,,,36.8,,,,,,,,,2.7,,,,,,15.0,50.0,55.0,,,58.8,,,,,,,,,,,,60.0,,,0.0,,,,38.0,,,,,,,,,,,,5.0,0.0,20.0,,,,,,,,,,,,,,,,,,,,,,,,,,,105.0,,,,,0.0,5.0,15.0,25.0,0.0,10.0,,0.4,1.0,103.0,104.0,10.0,0.0,,0.0,,0.0,105.0,105.0,60.0,30.0,100.0,45.0,50.0,100.0,20.0,30.0,,85.0,85.0,105.0,105.0,105.0,85.0,50.0,,,40.0,15.0,0.0,100.0,,,,,,,,,,,10.0,15.0,,,,,85.0,85.0,85.0,85.0,105.0,105.0,,105.0,105.0,,,60.0,60.0,60.0,105.0,60.0,55.0,50.0,80.0,55.0,85.0,100.0,105.0,105.0,60.0,,,10.0,105.0,20.0,0.0,0.0,50.0,85.0,80.0,0.0,40.0,35.0,40.0,40.0,40.0,40.0,105.0,105.0,85.0,55.0,30.0,50.0,,105.0,25.0,0.0,15.0,5.0,0.0,0.0,0.0,,
Salt Plains 195,,,,,,,,,,,,,,,,,,,,,,,,,,,,,,,,,,,,,,,,,,,,,,,,,,,,,,,,,,,,,,,,,,,,,,,,,,,,,,,,,,,,,,,,,,,,,,,,,,,,,,,,,,,,,,,,,,,,,,,,,,,,,,,,,,,,,,,,,,,,,,,,,,,,,,,,,,14.3,,0.0,5.0,,,,,,,,,,,,,,,,,,,,,,,,,,,,,,,,,,,,,,,,,,,,,,,,,,,,,,,,,,,,,,,,,,,,,,,,,,,,,,,,,,,,,,,,,,,,,,,,,,,,,,,,,
Sambaa K'e,,,28.6,0.0,,0.0,5.0,,,5.0,,,10.0,0.0,0.0,5.0,0.0,55.0,,,0.0,5.0,5.0,0.0,0.0,0.0,5.0,5.0,0.0,0.0,5.0,5.0,10.0,0.0,0.0,0.0,5.0,15.0,0.0,10.0,10.0,10.0,15.0,15.0,35.0,,10.0,0.0,10.0,0.0,0.0,0.0,5.0,5.0,0.0,0.0,0.0,25.0,,,,48.4,,,,,,,,,2.0,,,,,,15.0,25.0,25.0,,,27.8,,,,,,,,,,,,35.0,,,0.0,,,,52.4,,,,,,,,,,,,5.0,0.0,55.0,,,,,,,,,,,,,,,,,,,,,,,,,,,95.0,,,,,0.0,0.0,20.0,30.0,5.0,25.0,,0.8,10.2,88.0,97.0,0.0,0.0,,0.0,,0.0,100.0,95.0,30.0,25.0,100.0,25.0,25.0,100.0,5.0,10.0,,90.0,90.0,100.0,95.0,95.0,90.0,45.0,,,50.0,30.0,0.0,100.0,,,,,,,,,,,30.0,30.0,,,,,85.0,90.0,85.0,90.0,95.0,95.0,,95.0,95.0,,,30.0,30.0,30.0,95.0,30.0,45.0,25.0,90.0,45.0,90.0,95.0,95.0,95.0,30.0,,,35.0,95.0,25.0,0.0,0.0,30.0,90.0,85.0,0.0,50.0,45.0,50.0,50.0,50.0,50.0,95.0,95.0,90.0,45.0,15.0,25.0,,95.0,25.0,0.0,20.0,0.0,0.0,10.0,28.6,,
Tsiigehtchic,,,0.0,71.4,,0.0,25.0,,,10.0,,,10.0,0.0,0.0,10.0,0.0,80.0,,,0.0,0.0,0.0,0.0,0.0,0.0,0.0,25.0,25.0,10.0,10.0,0.0,15.0,0.0,0.0,0.0,10.0,25.0,0.0,0.0,15.0,0.0,10.0,10.0,35.0,,10.0,0.0,0.0,15.0,0.0,15.0,10.0,10.0,10.0,0.0,0.0,60.0,,,,43.2,,,,,,,,,2.3,,,,,,30.0,65.0,60.0,,,56.5,,,,,,,,,,,,65.0,,,0.0,,,,41.2,,,,,,,,,,,,0.0,0.0,50.0,,,,,,,,,,,,,,,,,,,,,,,,,,,135.0,,,,,0.0,0.0,30.0,35.0,0.0,20.0,,2.9,-19.8,172.0,138.0,0.0,0.0,,0.0,,0.0,135.0,140.0,65.0,35.0,140.0,60.0,60.0,100.0,25.0,35.0,,110.0,110.0,135.0,140.0,135.0,115.0,65.0,,,55.0,10.0,0.0,140.0,,,,,,,,,,,20.0,25.0,,,,,110.0,115.0,110.0,115.0,140.0,135.0,,135.0,140.0,,,60.0,60.0,60.0,140.0,65.0,65.0,60.0,115.0,65.0,115.0,125.0,140.0,135.0,65.0,,,25.0,135.0,30.0,0.0,0.0,65.0,115.0,115.0,0.0,55.0,60.0,55.0,55.0,55.0,55.0,135.0,140.0,110.0,65.0,35.0,60.0,,135.0,35.0,0.0,20.0,0.0,0.0,0.0,0.0,,
Tuktoyaktuk,,0.0,35.3,63.4,7.3,0.0,250.0,300.0,26.0,90.0,110.0,32.0,30.0,75.0,0.0,65.0,10.0,600.0,540.0,17.2,0.0,70.0,70.0,50.0,0.0,10.0,75.0,65.0,55.0,65.0,50.0,45.0,45.0,0.0,0.0,0.0,80.0,50.0,55.0,65.0,75.0,50.0,45.0,40.0,85.0,18.0,75.0,20.0,20.0,15.0,0.0,5.0,0.0,5.0,10.0,0.0,0.0,265.0,86000.0,46000.0,102000.0,32.9,37600.0,63000.0,33000.0,39000.0,70000.0,26400.0,8600.0,9400.0,3.2,97000.0,54000.0,114000.0,100.0,100.0,110.0,235.0,250.0,60.8,3.9,35.3,0.285,0.538,0.317,130.0,95.0,80.0,115.0,75.0,120.0,80.0,100.0,285.0,70.0,60.0,20.0,73500.0,28000.0,89000.0,30.8,20600.0,53600.0,24400.0,23000.0,60400.0,18800.0,7800.0,7350.0,80000.0,28000.0,93000.0,25.0,5.0,385.0,250.0,250.0,625.0,625.0,665.0,665.0,445.0,450.0,430.0,430.0,145.0,140.0,150.0,150.0,95.0,95.0,115.0,115.0,605.0,605.0,660.0,665.0,470.0,465.0,450.0,455.0,920.0,625.0,625.0,665.0,665.0,20.0,20.0,145.0,180.0,35.0,80.0,4.1,74.0,4.3,898.0,937.0,15.0,15.0,920.0,10.0,670.0,15.0,940.0,935.0,345.0,230.0,920.0,180.0,220.0,100.0,205.0,300.0,670.0,670.0,670.0,915.0,935.0,920.0,665.0,450.0,285.0,285.0,285.0,155.0,0.0,920.0,35.0,30.0,110.0,110.0,200.0,200.0,50.0,50.0,80.0,80.0,85.0,90.0,285.0,285.0,205.0,205.0,665.0,665.0,665.0,665.0,920.0,920.0,920.0,920.0,935.0,0.0,915.0,285.0,285.0,285.0,935.0,345.0,455.0,220.0,670.0,455.0,685.0,825.0,935.0,935.0,345.0,280.0,285.0,85.0,920.0,145.0,15.0,0.0,235.0,665.0,670.0,10.0,285.0,285.0,285.0,285.0,285.0,285.0,920.0,920.0,665.0,455.0,205.0,220.0,670.0,920.0,235.0,10.0,85.0,10.0,0.0,50.0,17.5,435.0,235.0
Tulita,,25.0,37.5,61.1,0.0,10.0,60.0,80.0,10.0,20.0,20.0,,30.0,20.0,0.0,25.0,10.0,280.0,265.0,7.0,0.0,35.0,35.0,25.0,0.0,10.0,40.0,25.0,10.0,35.0,20.0,25.0,30.0,0.0,10.0,0.0,20.0,25.0,30.0,30.0,45.0,25.0,15.0,15.0,55.0,8.0,40.0,20.0,5.0,15.0,10.0,15.0,0.0,0.0,10.0,0.0,0.0,185.0,100000.0,56000.0,110000.0,38.7,40000.0,72000.0,31600.0,40000.0,76000.0,26400.0,10000.0,8000.0,3.0,114000.0,68000.0,124000.0,100.0,100.0,50.0,160.0,180.0,65.0,1.8,47.1,0.269,0.506,0.301,30.0,50.0,50.0,30.0,25.0,45.0,65.0,20.0,200.0,35.0,50.0,10.0,91000.0,39600.0,103000.0,35.2,22200.0,63600.0,17800.0,17200.0,73500.0,11000.0,10100.0,6320.0,103000.0,42000.0,112000.0,20.0,0.0,135.0,155.0,160.0,310.0,310.0,340.0,335.0,250.0,250.0,255.0,250.0,75.0,100.0,80.0,115.0,35.0,40.0,35.0,40.0,300.0,300.0,340.0,335.0,255.0,260.0,265.0,270.0,400.0,310.0,310.0,340.0,335.0,10.0,5.0,70.0,65.0,25.0,25.0,4.0,7.6,-17.0,477.0,396.0,0.0,25.0,400.0,10.0,335.0,10.0,400.0,395.0,230.0,100.0,395.0,105.0,150.0,100.0,65.0,85.0,335.0,335.0,335.0,400.0,395.0,395.0,340.0,220.0,135.0,135.0,130.0,75.0,0.0,395.0,15.0,20.0,40.0,40.0,100.0,105.0,35.0,35.0,25.0,25.0,40.0,40.0,135.0,135.0,110.0,110.0,340.0,335.0,340.0,335.0,395.0,395.0,395.0,400.0,395.0,0.0,395.0,200.0,200.0,200.0,395.0,230.0,225.0,150.0,335.0,225.0,335.0,380.0,395.0,395.0,230.0,130.0,130.0,40.0,395.0,80.0,10.0,0.0,160.0,340.0,335.0,10.0,135.0,135.0,135.0,135.0,135.0,135.0,395.0,395.0,335.0,225.0,90.0,150.0,335.0,395.0,105.0,10.0,50.0,15.0,0.0,40.0,20.0,250.0,80.0
Ulukhaktok,,0.0,50.0,65.0,0.0,0.0,105.0,125.0,18.0,35.0,45.0,28.0,20.0,30.0,0.0,35.0,0.0,270.0,250.0,14.0,0.0,15.0,45.0,25.0,0.0,0.0,35.0,30.0,20.0,40.0,20.0,20.0,35.0,0.0,10.0,0.0,35.0,30.0,30.0,30.0,60.0,15.0,10.0,10.0,35.0,,40.0,15.0,10.0,0.0,0.0,0.0,0.0,0.0,0.0,0.0,0.0,185.0,84000.0,34000.0,96000.0,33.1,37200.0,72000.0,23600.0,38800.0,84000.0,22400.0,7200.0,6800.0,3.0,96000.0,40000.0,108000.0,100.0,100.0,65.0,145.0,175.0,71.0,1.6,47.5,0.287,0.508,0.326,45.0,20.0,30.0,50.0,30.0,55.0,25.0,40.0,200.0,70.0,35.0,15.0,77500.0,19400.0,87000.0,30.6,17800.0,69500.0,14600.0,16600.0,74500.0,8900.0,8300.0,5280.0,80000.0,19400.0,94000.0,5.0,0.0,105.0,80.0,80.0,280.0,280.0,300.0,300.0,245.0,245.0,235.0,235.0,75.0,90.0,75.0,100.0,20.0,20.0,30.0,30.0,270.0,270.0,300.0,300.0,250.0,250.0,240.0,235.0,410.0,280.0,280.0,300.0,300.0,15.0,5.0,100.0,55.0,25.0,25.0,3.6,3.4,3.0,396.0,408.0,10.0,20.0,410.0,0.0,305.0,0.0,410.0,410.0,205.0,115.0,410.0,115.0,135.0,100.0,90.0,130.0,305.0,305.0,305.0,410.0,410.0,405.0,300.0,220.0,130.0,130.0,135.0,70.0,0.0,410.0,15.0,15.0,60.0,60.0,110.0,110.0,35.0,35.0,25.0,25.0,30.0,25.0,130.0,130.0,110.0,110.0,305.0,305.0,305.0,305.0,410.0,405.0,410.0,405.0,410.0,0.0,405.0,200.0,200.0,200.0,410.0,205.0,220.0,135.0,305.0,220.0,305.0,370.0,410.0,410.0,205.0,130.0,135.0,30.0,410.0,35.0,0.0,0.0,145.0,305.0,305.0,0.0,135.0,130.0,135.0,135.0,135.0,135.0,405.0,405.0,305.0,215.0,100.0,135.0,305.0,405.0,110.0,0.0,60.0,0.0,0.0,50.0,25.0,235.0,70.0
Wekweètì,,,50.0,0.0,,0.0,20.0,,,10.0,,,15.0,10.0,0.0,10.0,0.0,85.0,,,0.0,15.0,5.0,0.0,0.0,0.0,5.0,10.0,10.0,10.0,10.0,10.0,0.0,0.0,0.0,0.0,0.0,5.0,5.0,10.0,15.0,10.0,5.0,0.0,5.0,,10.0,5.0,0.0,0.0,0.0,0.0,0.0,0.0,0.0,0.0,0.0,55.0,,,,34.8,,,,,,,,,3.8,,,,,,15.0,45.0,55.0,,,50.0,,,,,,,,,,,,60.0,,,10.0,,,,36.0,,,,,,,,,,,,5.0,0.0,25.0,,,,,,,,,,,,,,,,,,,,,,,,,,,110.0,,,,,10.0,0.0,20.0,10.0,0.0,5.0,,7.4,-15.5,129.0,109.0,0.0,0.0,,0.0,,0.0,105.0,110.0,65.0,30.0,110.0,45.0,45.0,100.0,15.0,25.0,,90.0,90.0,110.0,110.0,105.0,90.0,60.0,,,25.0,15.0,0.0,110.0,,,,,,,,,,,5.0,10.0,,,,,90.0,85.0,90.0,85.0,110.0,110.0,,105.0,110.0,,,65.0,65.0,65.0,110.0,65.0,55.0,45.0,90.0,55.0,90.0,100.0,110.0,110.0,65.0,,,20.0,110.0,5.0,0.0,0.0,45.0,90.0,90.0,0.0,30.0,30.0,30.0,30.0,30.0,30.0,110.0,110.0,85.0,60.0,10.0,45.0,,110.0,35.0,0.0,15.0,0.0,0.0,15.0,25.0,,
Whatì,,0.0,26.7,35.7,21.4,0.0,160.0,185.0,27.0,55.0,60.0,38.0,20.0,55.0,0.0,35.0,0.0,340.0,315.0,10.0,0.0,35.0,45.0,25.0,0.0,10.0,50.0,25.0,35.0,40.0,45.0,30.0,30.0,0.0,10.0,0.0,45.0,30.0,20.0,20.0,45.0,20.0,20.0,20.0,40.0,,40.0,10.0,0.0,0.0,20.0,5.0,5.0,5.0,0.0,0.0,0.0,190.0,112000.0,64000.0,120000.0,31.3,41600.0,73000.0,33000.0,41200.0,73000.0,31000.0,13000.0,7000.0,3.8,128000.0,76000.0,138000.0,100.0,100.0,65.0,155.0,180.0,65.0,2.0,40.3,0.304,0.524,0.336,65.0,60.0,30.0,50.0,70.0,45.0,80.0,35.0,210.0,50.0,60.0,25.0,102000.0,42000.0,110000.0,29.6,21200.0,60800.0,17000.0,19600.0,68000.0,15300.0,10700.0,6280.0,109000.0,46400.0,117000.0,25.0,0.0,175.0,220.0,225.0,365.0,365.0,380.0,385.0,305.0,305.0,295.0,290.0,105.0,75.0,100.0,75.0,35.0,40.0,55.0,50.0,350.0,350.0,380.0,380.0,315.0,315.0,305.0,305.0,545.0,365.0,365.0,380.0,385.0,25.0,5.0,85.0,70.0,25.0,20.0,4.8,9.3,15.5,470.0,543.0,10.0,20.0,545.0,10.0,380.0,10.0,545.0,540.0,215.0,145.0,540.0,125.0,150.0,100.0,130.0,190.0,380.0,380.0,380.0,540.0,540.0,545.0,385.0,275.0,145.0,145.0,145.0,70.0,0.0,540.0,10.0,10.0,70.0,70.0,120.0,125.0,35.0,35.0,20.0,20.0,25.0,25.0,145.0,145.0,125.0,120.0,380.0,385.0,380.0,385.0,540.0,545.0,540.0,545.0,540.0,0.0,545.0,210.0,210.0,210.0,540.0,215.0,270.0,150.0,385.0,270.0,385.0,485.0,540.0,545.0,215.0,140.0,145.0,75.0,540.0,45.0,10.0,0.0,155.0,385.0,385.0,10.0,140.0,145.0,140.0,140.0,140.0,140.0,545.0,545.0,380.0,270.0,70.0,150.0,380.0,545.0,140.0,0.0,50.0,5.0,0.0,55.0,26.2,290.0,90.0
Wrigley,,,0.0,100.0,,0.0,20.0,,,10.0,,,0.0,5.0,0.0,15.0,0.0,80.0,,,0.0,10.0,10.0,10.0,0.0,0.0,10.0,5.0,0.0,10.0,5.0,5.0,10.0,0.0,0.0,0.0,10.0,15.0,5.0,10.0,10.0,10.0,5.0,10.0,20.0,,10.0,10.0,5.0,0.0,0.0,0.0,0.0,0.0,0.0,0.0,0.0,40.0,,,,36.8,,,,,,,,,2.8,,,,,,20.0,40.0,40.0,,,42.1,,,,,,,,,,,,45.0,,,10.0,,,,31.6,,,,,,,,,,,,0.0,0.0,50.0,,,,,,,,,,,,,,,,,,,,,,,,,,,115.0,,,,,10.0,0.0,25.0,15.0,5.0,15.0,,2.2,-1.7,119.0,117.0,0.0,10.0,,10.0,,0.0,115.0,115.0,40.0,30.0,120.0,35.0,40.0,100.0,20.0,30.0,,95.0,95.0,120.0,115.0,115.0,95.0,55.0,,,40.0,30.0,0.0,120.0,,,,,,,,,,,15.0,10.0,,,,,95.0,95.0,95.0,95.0,120.0,115.0,,115.0,115.0,,,45.0,45.0,45.0,115.0,40.0,55.0,40.0,95.0,55.0,95.0,105.0,115.0,115.0,40.0,,,30.0,115.0,15.0,0.0,0.0,35.0,95.0,95.0,10.0,40.0,40.0,40.0,40.0,40.0,40.0,115.0,115.0,95.0,55.0,10.0,40.0,,115.0,30.0,0.0,15.0,0.0,0.0,10.0,22.2,,
Yellowknife,,9.8,73.4,21.5,23.6,235.0,4120.0,4830.0,6.3,1360.0,1685.0,6.9,2435.0,1340.0,0.0,1195.0,275.0,14630.0,13630.0,3.4,1070.0,1310.0,1630.0,1505.0,1420.0,770.0,1855.0,1745.0,1790.0,2695.0,1670.0,1410.0,1540.0,295.0,320.0,510.0,1420.0,1325.0,1385.0,1480.0,2485.0,1115.0,725.0,720.0,1590.0,5.4,1940.0,425.0,235.0,200.0,265.0,95.0,30.0,105.0,130.0,70.0,0.0,12335.0,137000.0,75600.0,156000.0,35.5,76000.0,96000.0,49720.0,78000.0,101700.0,43600.0,9240.0,7380.0,2.7,165400.0,92200.0,188200.0,100.0,100.0,3845.0,11755.0,11370.0,84.6,0.7,74.4,0.262,0.342,0.291,870.0,2125.0,940.0,865.0,3700.0,885.0,1625.0,1230.0,12475.0,835.0,6840.0,140.0,126000.0,75500.0,149000.0,35.2,70500.0,94000.0,34800.0,73500.0,99000.0,29400.0,7150.0,6280.0,148000.0,88000.0,176000.0,210.0,55.0,3320.0,3505.0,3650.0,15075.0,15080.0,15690.0,15680.0,13440.0,13450.0,13480.0,13480.0,8000.0,3840.0,8080.0,3970.0,1085.0,1115.0,1210.0,1200.0,13670.0,13690.0,15645.0,15640.0,14230.0,14220.0,14365.0,14335.0,19905.0,15075.0,15080.0,15690.0,15680.0,140.0,380.0,4590.0,3310.0,740.0,1785.0,3.7,196.8,3.9,19569.0,20340.0,965.0,555.0,19910.0,2865.0,15790.0,3260.0,20340.0,20015.0,13370.0,5435.0,19910.0,8980.0,10210.0,100.0,3455.0,4915.0,15790.0,15790.0,15790.0,19910.0,20015.0,19905.0,15795.0,11920.0,7520.0,7520.0,7520.0,2340.0,0.0,19910.0,1695.0,1685.0,2570.0,2565.0,5340.0,5330.0,900.0,870.0,1785.0,1785.0,3140.0,3145.0,7520.0,7520.0,5735.0,5735.0,15790.0,15795.0,15790.0,15795.0,19910.0,19910.0,19905.0,19905.0,20015.0,0.0,19910.0,12475.0,12475.0,12475.0,20015.0,13370.0,11920.0,10210.0,15790.0,11920.0,16220.0,18545.0,20015.0,20015.0,13370.0,7395.0,7515.0,4280.0,19905.0,3650.0,3260.0,625.0,11760.0,15795.0,15790.0,2865.0,7520.0,7520.0,7520.0,7520.0,7520.0,7520.0,19910.0,19910.0,15790.0,11920.0,3240.0,10210.0,15790.0,19910.0,5430.0,3990.0,3650.0,500.0,280.0,720.0,5.8,13480.0,2310.0
